TestId,Category,Prompt,ExpectedOutput,TestPassed,PassedRuns,TotalRuns,AvgEmbeddingScore,AvgJudgeScore,RunNumber,RunPassed,EmbeddingScore,JudgeScore,LLMResponse,JudgeReasoning,ExecutedAt
"factual_022","factual","Who wrote Romeo and Juliet?","William Shakespeare",True,3,3,0.59,9.0,1,True,0.59,9,"Romeo and Juliet, the tragic love story, was written by William Shakespeare. The exact date of its composition is not known, but it is believed to have been written between 1591 and 1595. It is one of Shakespeare's most famous plays and has become an iconic part of literature and popular culture.","Step 1 — Reason step by step:

- The actual answer correctly addresses the query ""Who wrote Romeo and Juliet?"" as it identifies William Shakespeare as the author.
- The response captures the same meaning as the expected answer, providing additional context about the composition date and significance of the play.
- There are no apparent factual errors or key omissions in the actual answer.

However, the phrase ""the tragic love story"" is not present in the expected answer, which only mentions that Romeo and Juliet is a play written by William Shakespeare. This minor difference does not significantly impact the overall accuracy of the response.

Step 2 — Assign a score:","2026-04-01T05:16:51.4623749Z"
"factual_022","factual","Who wrote Romeo and Juliet?","William Shakespeare",True,3,3,0.59,9.0,2,True,0.59,9,"Romeo and Juliet, the tragic love story, was written by William Shakespeare. The exact date of its composition is not known, but it is believed to have been written between 1591 and 1595. It is one of Shakespeare's most famous plays and has become an iconic part of literature and popular culture.","Step 1 — Reason step by step:

- The actual answer correctly addresses the query ""Who wrote Romeo and Juliet?"" as it identifies William Shakespeare as the author.
- The response captures the same meaning as the expected answer, providing additional context about the composition date and significance of the play.
- There are no apparent factual errors or key omissions in the actual answer.

However, the phrase ""the tragic love story"" is not present in the expected answer, which only mentions that Romeo and Juliet is a play written by William Shakespeare. This minor difference does not significantly impact the overall accuracy of the response.

Step 2 — Assign a score:","2026-04-01T05:17:48.3618633Z"
"factual_022","factual","Who wrote Romeo and Juliet?","William Shakespeare",True,3,3,0.59,9.0,3,True,0.59,9,"Romeo and Juliet, the tragic love story, was written by William Shakespeare. The exact date of its composition is not known, but it is believed to have been written between 1591 and 1595. It is one of Shakespeare's most famous plays and has become an iconic part of literature and popular culture.","Step 1 — Reason step by step:

- The actual answer correctly addresses the query ""Who wrote Romeo and Juliet?"" as it identifies William Shakespeare as the author.
- The response captures the same meaning as the expected answer, providing additional context about the composition date and significance of the play.
- There are no apparent factual errors or key omissions in the actual answer.

However, the phrase ""the tragic love story"" is not present in the expected answer, which only mentions that Romeo and Juliet is a play written by William Shakespeare. This minor difference does not significantly impact the overall accuracy of the response.

Step 2 — Assign a score:","2026-04-01T05:18:44.7617541Z"
"factual_004","factual","What is the largest ocean on Earth?","The Pacific Ocean",True,3,3,0.54,9.0,1,True,0.54,9,"The Pacific Ocean is the largest of the world's five oceans, covering approximately 155.6 million square kilometers (60.1 million square miles). It accounts for approximately 46% of the Earth's total ocean area and is home to many island nations, including Hawaii, Japan, Australia, and New Zealand.","Step 1 — Reason step by step:

The actual answer correctly addresses the query of identifying the largest ocean on Earth. It captures the same meaning as the expected answer in that it identifies the Pacific Ocean as the largest ocean and provides additional relevant information such as its size, percentage of total ocean area, and notable island nations it encompasses.

However, upon closer inspection, there are some minor wording differences between the actual and expected answers. The expected answer is more concise, stating simply ""The Pacific Ocean"" without providing further details. In contrast, the actual answer provides additional context and statistics about the Pacific Ocean's size and significance.

There are no apparent factual errors or key omissions in the actual answer. It does not include any irrelevant content that would detract from its relevance to the query.

Overall, while there are some minor differences in wording between the expected and actual answers, they do not significantly impact the accuracy or completeness of the information provided.

Step 2 — Assign a score:","2026-04-01T05:20:01.2327884Z"
"factual_004","factual","What is the largest ocean on Earth?","The Pacific Ocean",True,3,3,0.54,9.0,2,True,0.54,9,"The Pacific Ocean is the largest of the world's five oceans, covering approximately 155.6 million square kilometers (60.1 million square miles). It accounts for approximately 46% of the Earth's total ocean area and is home to many island nations, including Hawaii, Japan, Australia, and New Zealand.","Step 1 — Reason step by step:

The actual answer correctly addresses the query of identifying the largest ocean on Earth. It captures the same meaning as the expected answer in that it identifies the Pacific Ocean as the largest ocean and provides additional relevant information such as its size, percentage of total ocean area, and notable island nations it encompasses.

However, upon closer inspection, there are some minor wording differences between the actual and expected answers. The expected answer is more concise, stating simply ""The Pacific Ocean"" without providing further details. In contrast, the actual answer provides additional context and statistics about the Pacific Ocean's size and significance.

There are no apparent factual errors or key omissions in the actual answer. It does not include any irrelevant content that would detract from its relevance to the query.

Overall, while there are some minor differences in wording between the expected and actual answers, they do not significantly impact the accuracy or completeness of the information provided.

Step 2 — Assign a score:","2026-04-01T05:21:08.0391613Z"
"factual_004","factual","What is the largest ocean on Earth?","The Pacific Ocean",True,3,3,0.54,9.0,3,True,0.54,9,"The Pacific Ocean is the largest of the world's five oceans, covering approximately 155.6 million square kilometers (60.1 million square miles). It accounts for approximately 46% of the Earth's total ocean area and is home to many island nations, including Hawaii, Japan, Australia, and New Zealand.","Step 1 — Reason step by step:

The actual answer correctly addresses the query of identifying the largest ocean on Earth. It captures the same meaning as the expected answer in that it identifies the Pacific Ocean as the largest ocean and provides additional relevant information such as its size, percentage of total ocean area, and notable island nations it encompasses.

However, upon closer inspection, there are some minor wording differences between the actual and expected answers. The expected answer is more concise, stating simply ""The Pacific Ocean"" without providing further details. In contrast, the actual answer provides additional context and statistics about the Pacific Ocean's size and significance.

There are no apparent factual errors or key omissions in the actual answer. It does not include any irrelevant content that would detract from its relevance to the query.

Overall, while there are some minor differences in wording between the expected and actual answers, they do not significantly impact the accuracy or completeness of the information provided.

Step 2 — Assign a score:","2026-04-01T05:22:12.3567687Z"
"factual_006","factual","What is the longest river in the world?","The Nile River",True,3,3,0.58,8.0,1,True,0.58,8,"The Nile River is widely considered to be the longest river in the world, stretching approximately 6,695 kilometers (4,160 miles) from its source in Burundi to its delta on the Mediterranean Sea in Egypt. However, some sources may argue that the Amazon River is longer, with a length of around 7,062 kilometers (4,400 miles), but this measurement can vary depending on the definition of a ""river"" and the method used to measure its length.

It's worth noting that the Nile River has been considered the longest river in the world for centuries, and it remains one of the most iconic and culturally significant rivers globally.","Step 1 — Reason step by step:

The actual answer correctly addresses the query by providing information about the Nile River's length and its status as the longest river in the world. It captures the same meaning as the expected answer, as it confirms that the Nile is widely considered to be the longest river. However, there are some minor issues with the wording and presentation of the information. The actual answer also provides additional context about the measurement of the Amazon River's length, which is not directly relevant to the query.

Step 2 — Assign a score:

The actual answer is mostly correct but has some minor issues with wording and presentation. It captures the core meaning of the expected answer and provides additional context that is not directly relevant to the query. Therefore, I would assign it a score of 8 out of 10, as it is very good but could be improved with more precise language and a clearer focus on the Nile River's status as the longest river in the world.","2026-04-01T05:23:31.8141182Z"
"factual_006","factual","What is the longest river in the world?","The Nile River",True,3,3,0.58,8.0,2,True,0.58,8,"The Nile River is widely considered to be the longest river in the world, stretching approximately 6,695 kilometers (4,160 miles) from its source in Burundi to its delta on the Mediterranean Sea in Egypt. However, some sources may argue that the Amazon River is longer, with a length of around 7,062 kilometers (4,400 miles), but this measurement can vary depending on the definition of a ""river"" and the method used to measure its length.

It's worth noting that the Nile River has been considered the longest river in the world for centuries, and it remains one of the most iconic and culturally significant rivers globally.","Step 1 — Reason step by step:

The actual answer correctly addresses the query by providing information about the Nile River's length and its status as the longest river in the world. It captures the same meaning as the expected answer, as it confirms that the Nile is widely considered to be the longest river. However, there are some minor issues with the wording and presentation of the information. The actual answer also provides additional context about the measurement of the Amazon River's length, which is not directly relevant to the query.

Step 2 — Assign a score:

The actual answer is mostly correct but has some minor issues with wording and presentation. It captures the core meaning of the expected answer and provides additional context that is not directly relevant to the query. Therefore, I would assign it a score of 8 out of 10, as it is very good but could be improved with more precise language and a clearer focus on the Nile River's status as the longest river in the world.","2026-04-01T05:24:57.4042958Z"
"factual_006","factual","What is the longest river in the world?","The Nile River",True,3,3,0.58,8.0,3,True,0.58,8,"The Nile River is widely considered to be the longest river in the world, stretching approximately 6,695 kilometers (4,160 miles) from its source in Burundi to its delta on the Mediterranean Sea in Egypt. However, some sources may argue that the Amazon River is longer, with a length of around 7,062 kilometers (4,400 miles), but this measurement can vary depending on the definition of a ""river"" and the method used to measure its length.

It's worth noting that the Nile River has been considered the longest river in the world for centuries, and it remains one of the most iconic and culturally significant rivers globally.","Step 1 — Reason step by step:

The actual answer correctly addresses the query by providing information about the Nile River's length and its status as the longest river in the world. It captures the same meaning as the expected answer, as it confirms that the Nile is widely considered to be the longest river. However, there are some minor issues with the wording and presentation of the information. The actual answer also provides additional context about the measurement of the Amazon River's length, which is not directly relevant to the query.

Step 2 — Assign a score:

The actual answer is mostly correct but has some minor issues with wording and presentation. It captures the core meaning of the expected answer and provides additional context that is not directly relevant to the query. Therefore, I would assign it a score of 8 out of 10, as it is very good but could be improved with more precise language and a clearer focus on the Nile River's status as the longest river in the world.","2026-04-01T05:26:23.7738029Z"
"factual_007","factual","What is the tallest mountain in the world?","Mount Everest",True,3,3,0.62,9.0,1,True,0.62,9,"The tallest mountain in the world is Mount Everest, located in the Himalayas on the border between Nepal and Tibet, China. It stands at an elevation of 8,848 meters (29,029 feet) above sea level.","Step 1 — Reason step by step:

The actual answer correctly addresses the query of identifying the tallest mountain in the world. It captures the same meaning as the expected answer, providing a clear and concise description of Mount Everest's location and elevation. The response includes relevant details such as its location on the border between Nepal and Tibet, China, which adds context to the answer. However, there is no significant deviation from the expected answer in terms of content or meaning.

Step 2 — Assign a score:

The actual answer is very close to the expected answer, with only minor wording differences. The response provides all the necessary information to identify Mount Everest as the tallest mountain in the world, making it an acceptable answer.","2026-04-01T05:27:14.3453188Z"
"factual_007","factual","What is the tallest mountain in the world?","Mount Everest",True,3,3,0.62,9.0,2,True,0.62,9,"The tallest mountain in the world is Mount Everest, located in the Himalayas on the border between Nepal and Tibet, China. It stands at an elevation of 8,848 meters (29,029 feet) above sea level.","Step 1 — Reason step by step:

The actual answer correctly addresses the query of identifying the tallest mountain in the world. It captures the same meaning as the expected answer, providing a clear and concise description of Mount Everest's location and elevation. The response includes relevant details such as its location on the border between Nepal and Tibet, China, which adds context to the answer. However, there is no significant deviation from the expected answer in terms of content or meaning.

Step 2 — Assign a score:

The actual answer is very close to the expected answer, with only minor wording differences. The response provides all the necessary information to identify Mount Everest as the tallest mountain in the world, making it an acceptable answer.","2026-04-01T05:28:04.0559295Z"
"factual_007","factual","What is the tallest mountain in the world?","Mount Everest",True,3,3,0.62,9.0,3,True,0.62,9,"The tallest mountain in the world is Mount Everest, located in the Himalayas on the border between Nepal and Tibet, China. It stands at an elevation of 8,848 meters (29,029 feet) above sea level.","Step 1 — Reason step by step:

The actual answer correctly addresses the query of identifying the tallest mountain in the world. It captures the same meaning as the expected answer, providing a clear and concise description of Mount Everest's location and elevation. The response includes relevant details such as its location on the border between Nepal and Tibet, China, which adds context to the answer. However, there is no significant deviation from the expected answer in terms of content or meaning.

Step 2 — Assign a score:

The actual answer is very close to the expected answer, with only minor wording differences. The response provides all the necessary information to identify Mount Everest as the tallest mountain in the world, making it an acceptable answer.","2026-04-01T05:28:55.4016637Z"
"factual_009","factual","What is the smallest country in the world?","Vatican City",True,3,3,0.55,9.0,1,True,0.55,9,"The smallest country in the world is the Vatican City, which has a total area of approximately 0.44 km² (0.17 sq mi). It is an independent city-state located within Rome, Italy, and is home to the Pope and the central government of the Catholic Church.

To put that into perspective, the Vatican City is smaller than many cities in the United States, including New York City's Central Park! Despite its tiny size, the Vatican City has a population of around 800 people and is recognized as a sovereign state by the international community.","The actual answer correctly addresses the query by identifying Vatican City as the smallest country in the world. It captures the same meaning as the expected answer, providing additional context such as its location within Rome, Italy, and population size. The response also includes relevant details like its area and recognition as a sovereign state by the international community.

However, there is a minor issue with the wording - the phrase ""is home to the Pope and the central government of the Catholic Church"" could be rephrased for better clarity. Nevertheless, the overall content and accuracy are excellent.","2026-04-01T05:29:59.2407371Z"
"factual_009","factual","What is the smallest country in the world?","Vatican City",True,3,3,0.55,9.0,2,True,0.55,9,"The smallest country in the world is the Vatican City, which has a total area of approximately 0.44 km² (0.17 sq mi). It is an independent city-state located within Rome, Italy, and is home to the Pope and the central government of the Catholic Church.

To put that into perspective, the Vatican City is smaller than many cities in the United States, including New York City's Central Park! Despite its tiny size, the Vatican City has a population of around 800 people and is recognized as a sovereign state by the international community.","The actual answer correctly addresses the query by identifying Vatican City as the smallest country in the world. It captures the same meaning as the expected answer, providing additional context such as its location within Rome, Italy, and population size. The response also includes relevant details like its area and recognition as a sovereign state by the international community.

However, there is a minor issue with the wording - the phrase ""is home to the Pope and the central government of the Catholic Church"" could be rephrased for better clarity. Nevertheless, the overall content and accuracy are excellent.","2026-04-01T05:31:03.1728366Z"
"factual_009","factual","What is the smallest country in the world?","Vatican City",True,3,3,0.55,9.0,3,True,0.55,9,"The smallest country in the world is the Vatican City, which has a total area of approximately 0.44 km² (0.17 sq mi). It is an independent city-state located within Rome, Italy, and is home to the Pope and the central government of the Catholic Church.

To put that into perspective, the Vatican City is smaller than many cities in the United States, including New York City's Central Park! Despite its tiny size, the Vatican City has a population of around 800 people and is recognized as a sovereign state by the international community.","The actual answer correctly addresses the query by identifying Vatican City as the smallest country in the world. It captures the same meaning as the expected answer, providing additional context such as its location within Rome, Italy, and population size. The response also includes relevant details like its area and recognition as a sovereign state by the international community.

However, there is a minor issue with the wording - the phrase ""is home to the Pope and the central government of the Catholic Church"" could be rephrased for better clarity. Nevertheless, the overall content and accuracy are excellent.","2026-04-01T05:32:03.8374891Z"
"factual_021","factual","What is the capital of France?","Paris",True,3,3,0.68,9.0,1,True,0.68,9,"The capital of France is Paris.","Step 1 — Reason step by step:

The actual answer ""The capital of France is Paris"" correctly addresses the query and captures the same meaning as the expected answer. The response provides a clear statement that identifies Paris as the capital of France, which aligns with the expected answer. There are no apparent factual errors or key omissions in the actual answer.

However, it's worth noting that the actual answer is phrased slightly differently than the expected answer, using a more formal and complete sentence structure. Despite this minor difference, the core meaning of the response remains the same as the expected answer.

Step 2 — Assign a score:","2026-04-01T05:32:42.3315208Z"
"factual_021","factual","What is the capital of France?","Paris",True,3,3,0.68,9.0,2,True,0.68,9,"The capital of France is Paris.","Step 1 — Reason step by step:

The actual answer ""The capital of France is Paris"" correctly addresses the query and captures the same meaning as the expected answer. The response provides a clear statement that identifies Paris as the capital of France, which aligns with the expected answer. There are no apparent factual errors or key omissions in the actual answer.

However, it's worth noting that the actual answer is phrased slightly differently than the expected answer, using a more formal and complete sentence structure. Despite this minor difference, the core meaning of the response remains the same as the expected answer.

Step 2 — Assign a score:","2026-04-01T05:33:20.8577136Z"
"factual_021","factual","What is the capital of France?","Paris",True,3,3,0.68,9.0,3,True,0.68,9,"The capital of France is Paris.","Step 1 — Reason step by step:

The actual answer ""The capital of France is Paris"" correctly addresses the query and captures the same meaning as the expected answer. The response provides a clear statement that identifies Paris as the capital of France, which aligns with the expected answer. There are no apparent factual errors or key omissions in the actual answer.

However, it's worth noting that the actual answer is phrased slightly differently than the expected answer, using a more formal and complete sentence structure. Despite this minor difference, the core meaning of the response remains the same as the expected answer.

Step 2 — Assign a score:","2026-04-01T05:33:59.6995851Z"
"factual_023","factual","What is the chemical symbol for gold?","Au",True,3,3,0.61,8.0,1,True,0.61,8,"The chemical symbol for gold is Au. It comes from the Latin word ""Aurum"".","Step 1 — Reason step by step:

The actual answer correctly addresses the query by providing the chemical symbol for gold. It captures the same meaning as the expected answer, which is to provide the abbreviation used in chemistry to represent gold. The response does not contain any factual errors or key omissions that would detract from its accuracy. However, it could be improved by providing more context or explanation about why the symbol ""Au"" comes from the Latin word ""Aurum"", but this is a minor point.

Step 2 — Assign a score:

The actual answer provides the correct chemical symbol and its origin in Latin, making it mostly correct with some additional context. While it could be improved by providing more detail, it meets the core requirement of answering the query correctly.","2026-04-01T05:34:46.1393070Z"
"factual_023","factual","What is the chemical symbol for gold?","Au",True,3,3,0.61,8.0,2,True,0.61,8,"The chemical symbol for gold is Au. It comes from the Latin word ""Aurum"".","Step 1 — Reason step by step:

The actual answer correctly addresses the query by providing the chemical symbol for gold. It captures the same meaning as the expected answer, which is to provide the abbreviation used in chemistry to represent gold. The response does not contain any factual errors or key omissions that would detract from its accuracy. However, it could be improved by providing more context or explanation about why the symbol ""Au"" comes from the Latin word ""Aurum"", but this is a minor point.

Step 2 — Assign a score:

The actual answer provides the correct chemical symbol and its origin in Latin, making it mostly correct with some additional context. While it could be improved by providing more detail, it meets the core requirement of answering the query correctly.","2026-04-01T05:35:31.2245323Z"
"factual_023","factual","What is the chemical symbol for gold?","Au",True,3,3,0.61,8.0,3,True,0.61,8,"The chemical symbol for gold is Au. It comes from the Latin word ""Aurum"".","Step 1 — Reason step by step:

The actual answer correctly addresses the query by providing the chemical symbol for gold. It captures the same meaning as the expected answer, which is to provide the abbreviation used in chemistry to represent gold. The response does not contain any factual errors or key omissions that would detract from its accuracy. However, it could be improved by providing more context or explanation about why the symbol ""Au"" comes from the Latin word ""Aurum"", but this is a minor point.

Step 2 — Assign a score:

The actual answer provides the correct chemical symbol and its origin in Latin, making it mostly correct with some additional context. While it could be improved by providing more detail, it meets the core requirement of answering the query correctly.","2026-04-01T05:36:16.3477051Z"
"factual_002","factual","What is the capital of Japan?","Tokyo",True,3,3,0.68,10.0,1,True,0.68,10,"The capital of Japan is Tokyo.","Step 1 — Reason step by step:

The actual answer correctly addresses the query by providing a clear and concise statement that identifies Tokyo as the capital of Japan. The response captures the same meaning as the expected answer, conveying the same information in a straightforward manner. There are no apparent factual errors or key omissions in the response. However, it's worth noting that the response is written in a somewhat formal and literal style, which may not be the most engaging or conversational tone.

Step 2 — Assign a score:

The actual answer meets all the criteria for a perfect response, as it accurately conveys the expected information without any errors or omissions. The only minor quibble is that the response could benefit from a more dynamic and varied sentence structure to make it more engaging and readable. Overall, the response is very close to being semantically identical to the expected answer.","2026-04-01T05:37:01.7842179Z"
"factual_002","factual","What is the capital of Japan?","Tokyo",True,3,3,0.68,10.0,2,True,0.68,10,"The capital of Japan is Tokyo.","Step 1 — Reason step by step:

The actual answer correctly addresses the query by providing a clear and concise statement that identifies Tokyo as the capital of Japan. The response captures the same meaning as the expected answer, conveying the same information in a straightforward manner. There are no apparent factual errors or key omissions in the response. However, it's worth noting that the response is written in a somewhat formal and literal style, which may not be the most engaging or conversational tone.

Step 2 — Assign a score:

The actual answer meets all the criteria for a perfect response, as it accurately conveys the expected information without any errors or omissions. The only minor quibble is that the response could benefit from a more dynamic and varied sentence structure to make it more engaging and readable. Overall, the response is very close to being semantically identical to the expected answer.","2026-04-01T05:37:47.5592085Z"
"factual_002","factual","What is the capital of Japan?","Tokyo",True,3,3,0.68,10.0,3,True,0.68,10,"The capital of Japan is Tokyo.","Step 1 — Reason step by step:

The actual answer correctly addresses the query by providing a clear and concise statement that identifies Tokyo as the capital of Japan. The response captures the same meaning as the expected answer, conveying the same information in a straightforward manner. There are no apparent factual errors or key omissions in the response. However, it's worth noting that the response is written in a somewhat formal and literal style, which may not be the most engaging or conversational tone.

Step 2 — Assign a score:

The actual answer meets all the criteria for a perfect response, as it accurately conveys the expected information without any errors or omissions. The only minor quibble is that the response could benefit from a more dynamic and varied sentence structure to make it more engaging and readable. Overall, the response is very close to being semantically identical to the expected answer.","2026-04-01T05:38:33.4882007Z"
"factual_003","factual","What is the capital of Australia?","Canberra",True,3,3,0.68,9.0,1,True,0.68,9,"The capital of Australia is Canberra.","Step 1 — Reason step by step:

The actual answer ""The capital of Australia is Canberra"" correctly addresses the query and captures the same meaning as the expected answer. It clearly states that Canberra is the capital of Australia, which meets the core requirement of the question. There are no apparent factual errors or key omissions in this response.

However, upon closer inspection, it's worth noting that the actual answer could be more concise and direct. The phrase ""The capital of Australia is"" is not strictly necessary, as Canberra is already implied to be the correct answer. Nevertheless, the overall content and meaning of the response are accurate and relevant.

Step 2 — Assign a score:","2026-04-01T05:39:14.6756681Z"
"factual_003","factual","What is the capital of Australia?","Canberra",True,3,3,0.68,9.0,2,True,0.68,9,"The capital of Australia is Canberra.","Step 1 — Reason step by step:

The actual answer ""The capital of Australia is Canberra"" correctly addresses the query and captures the same meaning as the expected answer. It clearly states that Canberra is the capital of Australia, which meets the core requirement of the question. There are no apparent factual errors or key omissions in this response.

However, upon closer inspection, it's worth noting that the actual answer could be more concise and direct. The phrase ""The capital of Australia is"" is not strictly necessary, as Canberra is already implied to be the correct answer. Nevertheless, the overall content and meaning of the response are accurate and relevant.

Step 2 — Assign a score:","2026-04-01T05:39:56.6289044Z"
"factual_003","factual","What is the capital of Australia?","Canberra",True,3,3,0.68,9.0,3,True,0.68,9,"The capital of Australia is Canberra.","Step 1 — Reason step by step:

The actual answer ""The capital of Australia is Canberra"" correctly addresses the query and captures the same meaning as the expected answer. It clearly states that Canberra is the capital of Australia, which meets the core requirement of the question. There are no apparent factual errors or key omissions in this response.

However, upon closer inspection, it's worth noting that the actual answer could be more concise and direct. The phrase ""The capital of Australia is"" is not strictly necessary, as Canberra is already implied to be the correct answer. Nevertheless, the overall content and meaning of the response are accurate and relevant.

Step 2 — Assign a score:","2026-04-01T05:40:37.0377018Z"
"math_021","math","What is 2+2?","4",True,3,3,0.77,10.0,1,True,0.77,10,"2 + 2 = 4.","Step 1 — Reason step by step:

The actual answer ""2 + 2 = 4"" correctly addresses the query of what is 2+2. It captures the same meaning as the expected answer, which is also 4. The response does not contain any factual errors or key omissions related to the calculation of 2+2.

However, it's worth noting that the actual answer could be more concise and direct, simply stating ""4"" without the unnecessary equation notation. Nevertheless, the core meaning and numerical value are accurately conveyed.

Step 2 — Assign a score:","2026-04-01T05:41:15.2870692Z"
"math_021","math","What is 2+2?","4",True,3,3,0.77,10.0,2,True,0.77,10,"2 + 2 = 4.","Step 1 — Reason step by step:

The actual answer ""2 + 2 = 4"" correctly addresses the query of what is 2+2. It captures the same meaning as the expected answer, which is also 4. The response does not contain any factual errors or key omissions related to the calculation of 2+2.

However, it's worth noting that the actual answer could be more concise and direct, simply stating ""4"" without the unnecessary equation notation. Nevertheless, the core meaning and numerical value are accurately conveyed.

Step 2 — Assign a score:","2026-04-01T05:41:52.7303300Z"
"math_021","math","What is 2+2?","4",True,3,3,0.77,10.0,3,True,0.77,10,"2 + 2 = 4.","Step 1 — Reason step by step:

The actual answer ""2 + 2 = 4"" correctly addresses the query of what is 2+2. It captures the same meaning as the expected answer, which is also 4. The response does not contain any factual errors or key omissions related to the calculation of 2+2.

However, it's worth noting that the actual answer could be more concise and direct, simply stating ""4"" without the unnecessary equation notation. Nevertheless, the core meaning and numerical value are accurately conveyed.

Step 2 — Assign a score:","2026-04-01T05:42:30.7858383Z"
"math_022","math","Calculate 15% of 200","30",True,3,3,0.60,9.0,1,True,0.60,9,"To calculate 15% of 200, you can multiply 200 by 0.15.

200 x 0.15 = 30

So, 15% of 200 is 30.","The actual answer correctly addresses the query by providing a clear and concise explanation of how to calculate 15% of 200. It captures the same meaning as the expected answer, which is that 15% of 200 equals 30. The response also includes the calculation steps, making it easy for the user to understand the process. However, the wording could be slightly improved for better clarity and flow.

The actual answer does not contain any factual errors or key omissions, but it could benefit from a more polished presentation. Overall, the response is mostly correct, but it lacks some of the expected nuances in language and formatting.","2026-04-01T05:43:17.6256528Z"
"math_022","math","Calculate 15% of 200","30",True,3,3,0.60,9.0,2,True,0.60,9,"To calculate 15% of 200, you can multiply 200 by 0.15.

200 x 0.15 = 30

So, 15% of 200 is 30.","The actual answer correctly addresses the query by providing a clear and concise explanation of how to calculate 15% of 200. It captures the same meaning as the expected answer, which is that 15% of 200 equals 30. The response also includes the calculation steps, making it easy for the user to understand the process. However, the wording could be slightly improved for better clarity and flow.

The actual answer does not contain any factual errors or key omissions, but it could benefit from a more polished presentation. Overall, the response is mostly correct, but it lacks some of the expected nuances in language and formatting.","2026-04-01T05:44:05.1010405Z"
"math_022","math","Calculate 15% of 200","30",True,3,3,0.60,9.0,3,True,0.60,9,"To calculate 15% of 200, you can multiply 200 by 0.15.

200 x 0.15 = 30

So, 15% of 200 is 30.","The actual answer correctly addresses the query by providing a clear and concise explanation of how to calculate 15% of 200. It captures the same meaning as the expected answer, which is that 15% of 200 equals 30. The response also includes the calculation steps, making it easy for the user to understand the process. However, the wording could be slightly improved for better clarity and flow.

The actual answer does not contain any factual errors or key omissions, but it could benefit from a more polished presentation. Overall, the response is mostly correct, but it lacks some of the expected nuances in language and formatting.","2026-04-01T05:44:54.4489894Z"
"math_023","math","What is the square root of 144?","12",True,3,3,0.60,10.0,1,True,0.60,10,"The square root of 144 is 12.","Step 1 — Reason step by step:

The actual answer ""The square root of 144 is 12"" correctly addresses the query and captures the same meaning as the expected answer. The response provides a clear statement of the mathematical operation performed (square root) and its result, which matches the expected answer. There are no apparent factual errors or key omissions in the actual answer.

However, it's worth noting that the wording could be slightly improved for better clarity and concision. For example, stating ""The square root of 144 is 12"" directly would eliminate the unnecessary phrase ""is 12."" Nevertheless, this minor point does not affect the overall correctness or accuracy of the response.

Step 2 — Assign a score:","2026-04-01T05:45:37.7530649Z"
"math_023","math","What is the square root of 144?","12",True,3,3,0.60,10.0,2,True,0.60,10,"The square root of 144 is 12.","Step 1 — Reason step by step:

The actual answer ""The square root of 144 is 12"" correctly addresses the query and captures the same meaning as the expected answer. The response provides a clear statement of the mathematical operation performed (square root) and its result, which matches the expected answer. There are no apparent factual errors or key omissions in the actual answer.

However, it's worth noting that the wording could be slightly improved for better clarity and concision. For example, stating ""The square root of 144 is 12"" directly would eliminate the unnecessary phrase ""is 12."" Nevertheless, this minor point does not affect the overall correctness or accuracy of the response.

Step 2 — Assign a score:","2026-04-01T05:46:21.0334199Z"
"math_023","math","What is the square root of 144?","12",True,3,3,0.60,10.0,3,True,0.60,10,"The square root of 144 is 12.","Step 1 — Reason step by step:

The actual answer ""The square root of 144 is 12"" correctly addresses the query and captures the same meaning as the expected answer. The response provides a clear statement of the mathematical operation performed (square root) and its result, which matches the expected answer. There are no apparent factual errors or key omissions in the actual answer.

However, it's worth noting that the wording could be slightly improved for better clarity and concision. For example, stating ""The square root of 144 is 12"" directly would eliminate the unnecessary phrase ""is 12."" Nevertheless, this minor point does not affect the overall correctness or accuracy of the response.

Step 2 — Assign a score:","2026-04-01T05:47:05.0090746Z"
"math_001","math","What is 2 + 2?","4",False,0,3,0.77,1.0,1,False,0.77,1,"2 + 2 = 4.","Step 1 — Reason step by step:

- The actual answer ""2 + 2 = 4"" correctly addresses the query and states the numerical result of the operation.
- It captures the same meaning as the expected answer, which is that the sum of 2 and 2 equals 4.
- There are no apparent factual errors or key omissions in the response.

Step 2 — Assign a score:

The actual answer is semantically identical to the expected answer, with no significant differences in meaning.","2026-04-01T05:47:40.1206806Z"
"math_001","math","What is 2 + 2?","4",False,0,3,0.77,1.0,2,False,0.77,1,"2 + 2 = 4.","Step 1 — Reason step by step:

- The actual answer ""2 + 2 = 4"" correctly addresses the query and states the numerical result of the operation.
- It captures the same meaning as the expected answer, which is that the sum of 2 and 2 equals 4.
- There are no apparent factual errors or key omissions in the response.

Step 2 — Assign a score:

The actual answer is semantically identical to the expected answer, with no significant differences in meaning.","2026-04-01T05:48:15.8413725Z"
"math_001","math","What is 2 + 2?","4",False,0,3,0.77,1.0,3,False,0.77,1,"2 + 2 = 4.","Step 1 — Reason step by step:

- The actual answer ""2 + 2 = 4"" correctly addresses the query and states the numerical result of the operation.
- It captures the same meaning as the expected answer, which is that the sum of 2 and 2 equals 4.
- There are no apparent factual errors or key omissions in the response.

Step 2 — Assign a score:

The actual answer is semantically identical to the expected answer, with no significant differences in meaning.","2026-04-01T05:48:50.5410977Z"
"math_002","math","What is 15% of 200?","30",True,3,3,0.61,8.0,1,True,0.61,8,"To find 15% of 200, multiply 200 by 0.15.

200 x 0.15 = 30

So, 15% of 200 is 30.","Step 1 — Reason step by step:

The actual answer correctly addresses the query and captures the same meaning as the expected answer. It provides a clear explanation of how to calculate 15% of 200, which is a key aspect of the expected answer. The response also includes the correct calculation (200 x 0.15 = 30), making it factually accurate. However, the actual answer could be more concise and directly stated as ""30"" without the additional explanation.

Step 2 — Assign a score:

The actual answer is mostly correct but slightly awkward in its wording. It provides the necessary information to calculate 15% of 200, but the extra sentence is not strictly necessary. Overall, it effectively conveys the same meaning as the expected answer.","2026-04-01T05:49:44.4819842Z"
"math_002","math","What is 15% of 200?","30",True,3,3,0.61,8.0,2,True,0.61,8,"To find 15% of 200, multiply 200 by 0.15.

200 x 0.15 = 30

So, 15% of 200 is 30.","Step 1 — Reason step by step:

The actual answer correctly addresses the query and captures the same meaning as the expected answer. It provides a clear explanation of how to calculate 15% of 200, which is a key aspect of the expected answer. The response also includes the correct calculation (200 x 0.15 = 30), making it factually accurate. However, the actual answer could be more concise and directly stated as ""30"" without the additional explanation.

Step 2 — Assign a score:

The actual answer is mostly correct but slightly awkward in its wording. It provides the necessary information to calculate 15% of 200, but the extra sentence is not strictly necessary. Overall, it effectively conveys the same meaning as the expected answer.","2026-04-01T05:50:37.7017274Z"
"math_002","math","What is 15% of 200?","30",True,3,3,0.61,8.0,3,True,0.61,8,"To find 15% of 200, multiply 200 by 0.15.

200 x 0.15 = 30

So, 15% of 200 is 30.","Step 1 — Reason step by step:

The actual answer correctly addresses the query and captures the same meaning as the expected answer. It provides a clear explanation of how to calculate 15% of 200, which is a key aspect of the expected answer. The response also includes the correct calculation (200 x 0.15 = 30), making it factually accurate. However, the actual answer could be more concise and directly stated as ""30"" without the additional explanation.

Step 2 — Assign a score:

The actual answer is mostly correct but slightly awkward in its wording. It provides the necessary information to calculate 15% of 200, but the extra sentence is not strictly necessary. Overall, it effectively conveys the same meaning as the expected answer.","2026-04-01T05:51:29.4290495Z"
"math_004","math","What is 7 multiplied by 8?","56",True,3,3,0.71,9.0,1,True,0.71,9,"7 × 8 = 56.","Step 1 — Reason step by step:

The actual answer ""7 × 8 = 56"" correctly addresses the query of what is 7 multiplied by 8. It captures the same meaning as the expected answer, which is also 56. The response includes the mathematical operation and its result, making it a complete and accurate answer to the query.

However, there are some minor issues with the wording. The use of ""×"" instead of the more commonly used multiplication symbol (×) might be considered slightly awkward or less conventional in informal writing. Additionally, the inclusion of the equals sign (=) is not strictly necessary, as it is implied by the context of the question.

Overall, the actual answer is mostly correct and conveys the same meaning as the expected answer, but with some minor issues with wording and formatting.

Step 2 — Assign a score:","2026-04-01T05:52:17.1255191Z"
"math_004","math","What is 7 multiplied by 8?","56",True,3,3,0.71,9.0,2,True,0.71,9,"7 × 8 = 56.","Step 1 — Reason step by step:

The actual answer ""7 × 8 = 56"" correctly addresses the query of what is 7 multiplied by 8. It captures the same meaning as the expected answer, which is also 56. The response includes the mathematical operation and its result, making it a complete and accurate answer to the query.

However, there are some minor issues with the wording. The use of ""×"" instead of the more commonly used multiplication symbol (×) might be considered slightly awkward or less conventional in informal writing. Additionally, the inclusion of the equals sign (=) is not strictly necessary, as it is implied by the context of the question.

Overall, the actual answer is mostly correct and conveys the same meaning as the expected answer, but with some minor issues with wording and formatting.

Step 2 — Assign a score:","2026-04-01T05:53:05.2355573Z"
"math_004","math","What is 7 multiplied by 8?","56",True,3,3,0.71,9.0,3,True,0.71,9,"7 × 8 = 56.","Step 1 — Reason step by step:

The actual answer ""7 × 8 = 56"" correctly addresses the query of what is 7 multiplied by 8. It captures the same meaning as the expected answer, which is also 56. The response includes the mathematical operation and its result, making it a complete and accurate answer to the query.

However, there are some minor issues with the wording. The use of ""×"" instead of the more commonly used multiplication symbol (×) might be considered slightly awkward or less conventional in informal writing. Additionally, the inclusion of the equals sign (=) is not strictly necessary, as it is implied by the context of the question.

Overall, the actual answer is mostly correct and conveys the same meaning as the expected answer, but with some minor issues with wording and formatting.

Step 2 — Assign a score:","2026-04-01T05:53:52.3045085Z"
"math_005","math","What is 100 divided by 4?","25",True,3,3,0.66,9.0,1,True,0.66,9,"100 divided by 4 is 25.","Step 1 — Reason step by step:

The actual answer states that ""100 divided by 4 is 25."" This response correctly addresses the query and captures the same meaning as the expected answer. However, it's worth noting that the wording could be more concise and direct. The actual answer does not contain any factual errors or key omissions.

Step 2 — Assign a score:

The actual answer is very close to the expected answer in terms of content, but the phrasing could be improved for clarity. Despite this minor issue, the response accurately conveys the correct result of the division operation. Therefore, I would assign a score of 9 out of 10.","2026-04-01T05:54:35.0063093Z"
"math_005","math","What is 100 divided by 4?","25",True,3,3,0.66,9.0,2,True,0.66,9,"100 divided by 4 is 25.","Step 1 — Reason step by step:

The actual answer states that ""100 divided by 4 is 25."" This response correctly addresses the query and captures the same meaning as the expected answer. However, it's worth noting that the wording could be more concise and direct. The actual answer does not contain any factual errors or key omissions.

Step 2 — Assign a score:

The actual answer is very close to the expected answer in terms of content, but the phrasing could be improved for clarity. Despite this minor issue, the response accurately conveys the correct result of the division operation. Therefore, I would assign a score of 9 out of 10.","2026-04-01T05:55:16.6259127Z"
"math_005","math","What is 100 divided by 4?","25",True,3,3,0.66,9.0,3,True,0.66,9,"100 divided by 4 is 25.","Step 1 — Reason step by step:

The actual answer states that ""100 divided by 4 is 25."" This response correctly addresses the query and captures the same meaning as the expected answer. However, it's worth noting that the wording could be more concise and direct. The actual answer does not contain any factual errors or key omissions.

Step 2 — Assign a score:

The actual answer is very close to the expected answer in terms of content, but the phrasing could be improved for clarity. Despite this minor issue, the response accurately conveys the correct result of the division operation. Therefore, I would assign a score of 9 out of 10.","2026-04-01T05:55:58.7883542Z"
"math_006","math","What is 2 to the power of 10?","1024",True,3,3,0.64,9.0,1,True,0.64,9,"2 to the power of 10 (2^10) equals 1024.","Step 1 — Reason step by step:

The actual answer correctly addresses the query and captures the same meaning as the expected answer. It provides a clear mathematical expression to calculate the value of 2 to the power of 10, which is indeed equal to 1024. The response does not contain any factual errors or key omissions that would detract from its accuracy. However, it could be improved by providing a more concise and direct statement of the answer, rather than using a slightly more verbose expression.

Step 2 — Assign a score:","2026-04-01T05:56:40.0476170Z"
"math_006","math","What is 2 to the power of 10?","1024",True,3,3,0.64,9.0,2,True,0.64,9,"2 to the power of 10 (2^10) equals 1024.","Step 1 — Reason step by step:

The actual answer correctly addresses the query and captures the same meaning as the expected answer. It provides a clear mathematical expression to calculate the value of 2 to the power of 10, which is indeed equal to 1024. The response does not contain any factual errors or key omissions that would detract from its accuracy. However, it could be improved by providing a more concise and direct statement of the answer, rather than using a slightly more verbose expression.

Step 2 — Assign a score:","2026-04-01T05:57:19.5299713Z"
"math_006","math","What is 2 to the power of 10?","1024",True,3,3,0.64,9.0,3,True,0.64,9,"2 to the power of 10 (2^10) equals 1024.","Step 1 — Reason step by step:

The actual answer correctly addresses the query and captures the same meaning as the expected answer. It provides a clear mathematical expression to calculate the value of 2 to the power of 10, which is indeed equal to 1024. The response does not contain any factual errors or key omissions that would detract from its accuracy. However, it could be improved by providing a more concise and direct statement of the answer, rather than using a slightly more verbose expression.

Step 2 — Assign a score:","2026-04-01T05:58:00.3541045Z"
"reasoning_016","reasoning","A man walks into a bar and asks for a glass of water. The bartender pulls out a gun and points it at him. The man says thank you and leaves. Why?","The man had hiccups and the scare from the gun cured them, so he no longer needed the water",False,0,3,0.64,2.0,1,False,0.64,2,"This is a classic joke, and the answer is that the man is an actor, and he's about to go on stage for a play or a film shoot. He asks for a glass of water as part of his character's dialogue, and when the bartender pulls out a gun, he responds with ""thank you"" as if it's part of the script.

The humor comes from the unexpected twist and the absurdity of the situation. The man's calm response to the threatening situation is what makes it funny, as it shows that he's not taking the situation seriously and is instead playing his role as an actor.","The actual answer does not correctly address the query. The expected answer mentions hiccups being cured by fright, but the actual answer provides a completely different explanation for the man's behavior. The actual answer focuses on the absurdity of the situation and the man's role as an actor, without any connection to hiccups.

The actual answer also captures a different meaning than the expected answer. While the expected answer implies that the man has hiccups and is relieved when the bartender pulls out a gun, the actual answer suggests that the man is an actor who is playing a role and responds accordingly.

There are no factual errors or key omissions in the actual answer, but it does contain irrelevant content (the explanation about the man being an actor).

Overall, the actual answer is not semantically identical to the expected answer, but rather provides a different interpretation of the situation.","2026-04-01T05:59:24.6264240Z"
"reasoning_016","reasoning","A man walks into a bar and asks for a glass of water. The bartender pulls out a gun and points it at him. The man says thank you and leaves. Why?","The man had hiccups and the scare from the gun cured them, so he no longer needed the water",False,0,3,0.64,2.0,2,False,0.64,2,"This is a classic joke, and the answer is that the man is an actor, and he's about to go on stage for a play or a film shoot. He asks for a glass of water as part of his character's dialogue, and when the bartender pulls out a gun, he responds with ""thank you"" as if it's part of the script.

The humor comes from the unexpected twist and the absurdity of the situation. The man's calm response to the threatening situation is what makes it funny, as it shows that he's not taking the situation seriously and is instead playing his role as an actor.","The actual answer does not correctly address the query. The expected answer mentions hiccups being cured by fright, but the actual answer provides a completely different explanation for the man's behavior. The actual answer focuses on the absurdity of the situation and the man's role as an actor, without any connection to hiccups.

The actual answer also captures a different meaning than the expected answer. While the expected answer implies that the man has hiccups and is relieved when the bartender pulls out a gun, the actual answer suggests that the man is an actor who is playing a role and responds accordingly.

There are no factual errors or key omissions in the actual answer, but it does contain irrelevant content (the explanation about the man being an actor).

Overall, the actual answer is not semantically identical to the expected answer, but rather provides a different interpretation of the situation.","2026-04-01T06:00:52.0103714Z"
"reasoning_016","reasoning","A man walks into a bar and asks for a glass of water. The bartender pulls out a gun and points it at him. The man says thank you and leaves. Why?","The man had hiccups and the scare from the gun cured them, so he no longer needed the water",False,0,3,0.64,2.0,3,False,0.64,2,"This is a classic joke, and the answer is that the man is an actor, and he's about to go on stage for a play or a film shoot. He asks for a glass of water as part of his character's dialogue, and when the bartender pulls out a gun, he responds with ""thank you"" as if it's part of the script.

The humor comes from the unexpected twist and the absurdity of the situation. The man's calm response to the threatening situation is what makes it funny, as it shows that he's not taking the situation seriously and is instead playing his role as an actor.","The actual answer does not correctly address the query. The expected answer mentions hiccups being cured by fright, but the actual answer provides a completely different explanation for the man's behavior. The actual answer focuses on the absurdity of the situation and the man's role as an actor, without any connection to hiccups.

The actual answer also captures a different meaning than the expected answer. While the expected answer implies that the man has hiccups and is relieved when the bartender pulls out a gun, the actual answer suggests that the man is an actor who is playing a role and responds accordingly.

There are no factual errors or key omissions in the actual answer, but it does contain irrelevant content (the explanation about the man being an actor).

Overall, the actual answer is not semantically identical to the expected answer, but rather provides a different interpretation of the situation.","2026-04-01T06:02:16.9233067Z"
"reasoning_024","reasoning","All roses are flowers. Some flowers fade quickly. Can we conclude all roses fade quickly?","No, we cannot conclude that all roses fade quickly",True,3,3,0.93,8.0,1,True,0.93,8,"No, we cannot conclude that all roses fade quickly.

The statement ""Some flowers fade quickly"" is a generalization about a group of flowers (flowers in general), but it does not apply to every single flower, including roses.

In fact, many types of roses are known to be long-lasting and can bloom for several months. So, while some flowers may fade quickly, this does not mean that all roses will do the same.

To make a conclusion about all roses fading quickly, we would need more specific information or evidence that applies to every type of rose.","The actual answer correctly addresses the query by stating that ""the statement 'Some flowers fade quickly' is a generalization about a group of flowers (flowers in general), but it does not apply to every single flower, including roses."" This captures the same meaning as the expected answer, which highlights that the conclusion about all roses fading quickly cannot be drawn from the given information.

However, upon closer inspection, I notice that the actual answer could be improved by providing a more nuanced explanation. For instance, it would be helpful to mention that while some flowers may fade quickly, this does not necessarily mean that all roses will do the same. This additional detail would strengthen the argument and make it even more convincing.

Overall, the actual answer is mostly correct but could benefit from a bit more elaboration.","2026-04-01T06:03:32.0178433Z"
"reasoning_024","reasoning","All roses are flowers. Some flowers fade quickly. Can we conclude all roses fade quickly?","No, we cannot conclude that all roses fade quickly",True,3,3,0.93,8.0,2,True,0.93,8,"No, we cannot conclude that all roses fade quickly.

The statement ""Some flowers fade quickly"" is a generalization about a group of flowers (flowers in general), but it does not apply to every single flower, including roses.

In fact, many types of roses are known to be long-lasting and can bloom for several months. So, while some flowers may fade quickly, this does not mean that all roses will do the same.

To make a conclusion about all roses fading quickly, we would need more specific information or evidence that applies to every type of rose.","The actual answer correctly addresses the query by stating that ""the statement 'Some flowers fade quickly' is a generalization about a group of flowers (flowers in general), but it does not apply to every single flower, including roses."" This captures the same meaning as the expected answer, which highlights that the conclusion about all roses fading quickly cannot be drawn from the given information.

However, upon closer inspection, I notice that the actual answer could be improved by providing a more nuanced explanation. For instance, it would be helpful to mention that while some flowers may fade quickly, this does not necessarily mean that all roses will do the same. This additional detail would strengthen the argument and make it even more convincing.

Overall, the actual answer is mostly correct but could benefit from a bit more elaboration.","2026-04-01T06:04:47.8519821Z"
"reasoning_024","reasoning","All roses are flowers. Some flowers fade quickly. Can we conclude all roses fade quickly?","No, we cannot conclude that all roses fade quickly",True,3,3,0.93,8.0,3,True,0.93,8,"No, we cannot conclude that all roses fade quickly.

The statement ""Some flowers fade quickly"" is a generalization about a group of flowers (flowers in general), but it does not apply to every single flower, including roses.

In fact, many types of roses are known to be long-lasting and can bloom for several months. So, while some flowers may fade quickly, this does not mean that all roses will do the same.

To make a conclusion about all roses fading quickly, we would need more specific information or evidence that applies to every type of rose.","The actual answer correctly addresses the query by stating that ""the statement 'Some flowers fade quickly' is a generalization about a group of flowers (flowers in general), but it does not apply to every single flower, including roses."" This captures the same meaning as the expected answer, which highlights that the conclusion about all roses fading quickly cannot be drawn from the given information.

However, upon closer inspection, I notice that the actual answer could be improved by providing a more nuanced explanation. For instance, it would be helpful to mention that while some flowers may fade quickly, this does not necessarily mean that all roses will do the same. This additional detail would strengthen the argument and make it even more convincing.

Overall, the actual answer is mostly correct but could benefit from a bit more elaboration.","2026-04-01T06:06:03.2174911Z"
"reasoning_021","reasoning","If all dogs are animals, and Max is a dog, what is Max?","An animal",True,3,3,0.75,9.0,1,True,0.75,9,"Using the given information:

1. All dogs are animals.
2. Max is a dog.

We can conclude that:

Max is an animal.

This is because if all dogs are animals, and Max is a dog, then Max must also be an animal.","The actual answer correctly addresses the query by stating that Max is an animal. This response captures the same meaning as the expected answer, which also concludes that Max is an animal based on the given information.

However, there are some minor wording differences between the two answers. The expected answer uses a more formal and direct tone, while the actual answer phrases it slightly differently. Nevertheless, the core meaning remains the same.

There are no factual errors or key omissions in either response. Both answers provide relevant content that addresses the query directly.

Overall, the actual answer is very good, with only minor differences in wording compared to the expected answer.","2026-04-01T06:06:56.3257721Z"
"reasoning_021","reasoning","If all dogs are animals, and Max is a dog, what is Max?","An animal",True,3,3,0.75,9.0,2,True,0.75,9,"Using the given information:

1. All dogs are animals.
2. Max is a dog.

We can conclude that:

Max is an animal.

This is because if all dogs are animals, and Max is a dog, then Max must also be an animal.","The actual answer correctly addresses the query by stating that Max is an animal. This response captures the same meaning as the expected answer, which also concludes that Max is an animal based on the given information.

However, there are some minor wording differences between the two answers. The expected answer uses a more formal and direct tone, while the actual answer phrases it slightly differently. Nevertheless, the core meaning remains the same.

There are no factual errors or key omissions in either response. Both answers provide relevant content that addresses the query directly.

Overall, the actual answer is very good, with only minor differences in wording compared to the expected answer.","2026-04-01T06:07:49.0682092Z"
"reasoning_021","reasoning","If all dogs are animals, and Max is a dog, what is Max?","An animal",True,3,3,0.75,9.0,3,True,0.75,9,"Using the given information:

1. All dogs are animals.
2. Max is a dog.

We can conclude that:

Max is an animal.

This is because if all dogs are animals, and Max is a dog, then Max must also be an animal.","The actual answer correctly addresses the query by stating that Max is an animal. This response captures the same meaning as the expected answer, which also concludes that Max is an animal based on the given information.

However, there are some minor wording differences between the two answers. The expected answer uses a more formal and direct tone, while the actual answer phrases it slightly differently. Nevertheless, the core meaning remains the same.

There are no factual errors or key omissions in either response. Both answers provide relevant content that addresses the query directly.

Overall, the actual answer is very good, with only minor differences in wording compared to the expected answer.","2026-04-01T06:08:41.9202086Z"
"reasoning_002","reasoning","A bat and a ball cost $1.10 in total. The bat costs $1.00 more than the ball. How much does the ball cost?","5 cents",True,3,3,0.53,9.0,1,True,0.53,9,"Let's call the cost of the ball ""x"".

Since the bat costs $1.00 more than the ball, the cost of the bat is x + $1.00.

The total cost of both the bat and the ball together is $1.10, so we can set up an equation:

x + (x + $1.00) = $1.10

Combine like terms:

2x + $1.00 = $1.10

Subtract $1.00 from both sides:

2x = $0.10

Divide by 2:

x = $0.05

So, the ball costs $0.05 or 5 cents.","Step 1 — Reason step by step (2–4 sentences):
The actual answer correctly addresses the query and captures the same meaning as the expected answer. It provides a clear and logical explanation of how to solve the problem, using algebraic equations to find the cost of the ball. The steps are well-structured and easy to follow, making it accessible to readers who may not be familiar with algebra. However, the actual answer does use the variable ""x"" instead of directly stating ""$0.05"", which could make the solution slightly less intuitive.

Step 2 — Assign a score:","2026-04-01T06:10:00.9960125Z"
"reasoning_002","reasoning","A bat and a ball cost $1.10 in total. The bat costs $1.00 more than the ball. How much does the ball cost?","5 cents",True,3,3,0.53,9.0,2,True,0.53,9,"Let's call the cost of the ball ""x"".

Since the bat costs $1.00 more than the ball, the cost of the bat is x + $1.00.

The total cost of both the bat and the ball together is $1.10, so we can set up an equation:

x + (x + $1.00) = $1.10

Combine like terms:

2x + $1.00 = $1.10

Subtract $1.00 from both sides:

2x = $0.10

Divide by 2:

x = $0.05

So, the ball costs $0.05 or 5 cents.","Step 1 — Reason step by step (2–4 sentences):
The actual answer correctly addresses the query and captures the same meaning as the expected answer. It provides a clear and logical explanation of how to solve the problem, using algebraic equations to find the cost of the ball. The steps are well-structured and easy to follow, making it accessible to readers who may not be familiar with algebra. However, the actual answer does use the variable ""x"" instead of directly stating ""$0.05"", which could make the solution slightly less intuitive.

Step 2 — Assign a score:","2026-04-01T06:11:19.9547815Z"
"reasoning_002","reasoning","A bat and a ball cost $1.10 in total. The bat costs $1.00 more than the ball. How much does the ball cost?","5 cents",True,3,3,0.53,9.0,3,True,0.53,9,"Let's call the cost of the ball ""x"".

Since the bat costs $1.00 more than the ball, the cost of the bat is x + $1.00.

The total cost of both the bat and the ball together is $1.10, so we can set up an equation:

x + (x + $1.00) = $1.10

Combine like terms:

2x + $1.00 = $1.10

Subtract $1.00 from both sides:

2x = $0.10

Divide by 2:

x = $0.05

So, the ball costs $0.05 or 5 cents.","Step 1 — Reason step by step (2–4 sentences):
The actual answer correctly addresses the query and captures the same meaning as the expected answer. It provides a clear and logical explanation of how to solve the problem, using algebraic equations to find the cost of the ball. The steps are well-structured and easy to follow, making it accessible to readers who may not be familiar with algebra. However, the actual answer does use the variable ""x"" instead of directly stating ""$0.05"", which could make the solution slightly less intuitive.

Step 2 — Assign a score:","2026-04-01T06:12:36.7372022Z"
"reasoning_003","reasoning","If it takes 5 machines 5 minutes to make 5 widgets, how long does it take 100 machines to make 100 widgets?","5 minutes",True,3,3,0.55,8.0,1,True,0.55,8,"This is a classic example of the ""machine learning"" concept.

The answer is not as straightforward as you might think. The key insight here is that each machine can produce one widget in 5 minutes, regardless of the number of other machines.

So, if it takes 5 machines 5 minutes to make 5 widgets, it means that each machine produces one widget in 5 minutes. If we have 100 machines, they will still take 5 minutes to produce 100 widgets, because each machine can produce one widget in 5 minutes.

In other words, the number of machines doesn't change the time it takes for a single machine to produce a widget. The production rate remains the same, and the total output is proportional to the number of machines.

Therefore, if it takes 5 machines 5 minutes to make 5 widgets, it will also take 100 machines 5 minutes to make 100 widgets.","The actual answer correctly addresses the query by explaining that each machine can produce one widget in 5 minutes, regardless of the number of other machines. This captures the same meaning as the expected answer, which states that it takes 5 minutes to make 100 widgets. The response also provides a clear and logical explanation for why the production rate remains the same with more machines.

However, there is some irrelevant content in the actual answer, specifically the mention of ""machine learning,"" which is not relevant to the query. Additionally, the wording could be improved for clarity and concision.

Overall, the actual answer is mostly correct but incomplete or awkward due to the inclusion of irrelevant information.","2026-04-01T06:14:08.6546740Z"
"reasoning_003","reasoning","If it takes 5 machines 5 minutes to make 5 widgets, how long does it take 100 machines to make 100 widgets?","5 minutes",True,3,3,0.55,8.0,2,True,0.55,8,"This is a classic example of the ""machine learning"" concept.

The answer is not as straightforward as you might think. The key insight here is that each machine can produce one widget in 5 minutes, regardless of the number of other machines.

So, if it takes 5 machines 5 minutes to make 5 widgets, it means that each machine produces one widget in 5 minutes. If we have 100 machines, they will still take 5 minutes to produce 100 widgets, because each machine can produce one widget in 5 minutes.

In other words, the number of machines doesn't change the time it takes for a single machine to produce a widget. The production rate remains the same, and the total output is proportional to the number of machines.

Therefore, if it takes 5 machines 5 minutes to make 5 widgets, it will also take 100 machines 5 minutes to make 100 widgets.","The actual answer correctly addresses the query by explaining that each machine can produce one widget in 5 minutes, regardless of the number of other machines. This captures the same meaning as the expected answer, which states that it takes 5 minutes to make 100 widgets. The response also provides a clear and logical explanation for why the production rate remains the same with more machines.

However, there is some irrelevant content in the actual answer, specifically the mention of ""machine learning,"" which is not relevant to the query. Additionally, the wording could be improved for clarity and concision.

Overall, the actual answer is mostly correct but incomplete or awkward due to the inclusion of irrelevant information.","2026-04-01T06:15:41.6323051Z"
"reasoning_003","reasoning","If it takes 5 machines 5 minutes to make 5 widgets, how long does it take 100 machines to make 100 widgets?","5 minutes",True,3,3,0.55,8.0,3,True,0.55,8,"This is a classic example of the ""machine learning"" concept.

The answer is not as straightforward as you might think. The key insight here is that each machine can produce one widget in 5 minutes, regardless of the number of other machines.

So, if it takes 5 machines 5 minutes to make 5 widgets, it means that each machine produces one widget in 5 minutes. If we have 100 machines, they will still take 5 minutes to produce 100 widgets, because each machine can produce one widget in 5 minutes.

In other words, the number of machines doesn't change the time it takes for a single machine to produce a widget. The production rate remains the same, and the total output is proportional to the number of machines.

Therefore, if it takes 5 machines 5 minutes to make 5 widgets, it will also take 100 machines 5 minutes to make 100 widgets.","The actual answer correctly addresses the query by explaining that each machine can produce one widget in 5 minutes, regardless of the number of other machines. This captures the same meaning as the expected answer, which states that it takes 5 minutes to make 100 widgets. The response also provides a clear and logical explanation for why the production rate remains the same with more machines.

However, there is some irrelevant content in the actual answer, specifically the mention of ""machine learning,"" which is not relevant to the query. Additionally, the wording could be improved for clarity and concision.

Overall, the actual answer is mostly correct but incomplete or awkward due to the inclusion of irrelevant information.","2026-04-01T06:17:11.3756748Z"
"reasoning_004","reasoning","All roses are flowers. Some flowers fade quickly. Can we conclude that some roses fade quickly?","No, we cannot conclude that",False,0,3,0.56,1.0,1,False,0.56,1,"Yes, we can conclude that some roses fade quickly.

The argument is structured as follows:

1. All A (roses) are B (flowers)
2. Some B (flowers) fade quickly
3. Therefore, some A (roses) must also be B (flowers) that fade quickly.

This is a classic example of a syllogism, specifically the ""affirming the consequent"" fallacy. The conclusion logically follows from the premises, but it's not necessarily true in reality.

In this case, we can't conclude that all roses fade quickly, only that some roses do.","The actual answer incorrectly concludes that some roses fade quickly based solely on the information provided. The expected answer correctly identifies this as an example of the ""affirming the consequent"" fallacy and states that we cannot logically conclude that all roses fade quickly.

The actual answer fails to capture the same meaning as the expected answer, instead providing a misleading conclusion. There are no factual errors or key omissions in the actual answer, but its content is irrelevant to the query.

The actual answer does not address the query correctly and should have stated that we cannot conclude some roses fade quickly based on the given information.","2026-04-01T06:18:22.2135096Z"
"reasoning_004","reasoning","All roses are flowers. Some flowers fade quickly. Can we conclude that some roses fade quickly?","No, we cannot conclude that",False,0,3,0.56,1.0,2,False,0.56,1,"Yes, we can conclude that some roses fade quickly.

The argument is structured as follows:

1. All A (roses) are B (flowers)
2. Some B (flowers) fade quickly
3. Therefore, some A (roses) must also be B (flowers) that fade quickly.

This is a classic example of a syllogism, specifically the ""affirming the consequent"" fallacy. The conclusion logically follows from the premises, but it's not necessarily true in reality.

In this case, we can't conclude that all roses fade quickly, only that some roses do.","The actual answer incorrectly concludes that some roses fade quickly based solely on the information provided. The expected answer correctly identifies this as an example of the ""affirming the consequent"" fallacy and states that we cannot logically conclude that all roses fade quickly.

The actual answer fails to capture the same meaning as the expected answer, instead providing a misleading conclusion. There are no factual errors or key omissions in the actual answer, but its content is irrelevant to the query.

The actual answer does not address the query correctly and should have stated that we cannot conclude some roses fade quickly based on the given information.","2026-04-01T06:19:33.8782567Z"
"reasoning_004","reasoning","All roses are flowers. Some flowers fade quickly. Can we conclude that some roses fade quickly?","No, we cannot conclude that",False,0,3,0.56,1.0,3,False,0.56,1,"Yes, we can conclude that some roses fade quickly.

The argument is structured as follows:

1. All A (roses) are B (flowers)
2. Some B (flowers) fade quickly
3. Therefore, some A (roses) must also be B (flowers) that fade quickly.

This is a classic example of a syllogism, specifically the ""affirming the consequent"" fallacy. The conclusion logically follows from the premises, but it's not necessarily true in reality.

In this case, we can't conclude that all roses fade quickly, only that some roses do.","The actual answer incorrectly concludes that some roses fade quickly based solely on the information provided. The expected answer correctly identifies this as an example of the ""affirming the consequent"" fallacy and states that we cannot logically conclude that all roses fade quickly.

The actual answer fails to capture the same meaning as the expected answer, instead providing a misleading conclusion. There are no factual errors or key omissions in the actual answer, but its content is irrelevant to the query.

The actual answer does not address the query correctly and should have stated that we cannot conclude some roses fade quickly based on the given information.","2026-04-01T06:20:47.0316695Z"
"reasoning_010","reasoning","You have two coins that add up to 30 cents. One is not a nickel. What are the two coins?","A quarter and a nickel",True,3,3,0.68,8.0,1,True,0.68,8,"To solve this, let's consider the possible coin combinations that add up to 30 cents.

Since one of the coins is not a nickel (5 cents), we can start by excluding it from the possibilities.

Here are some possible combinations:

1. Quarter (25 cents) + Nickel (5 cents) = 30 cents
2. Dime (10 cents) + Nickel (20 cents) doesn't work, as there's no 20-cent coin.
3. Quarter (25 cents) + Dime (5 cents) doesn't add up to 30 cents.

However, we can try another combination:

1. Quarter (25 cents) + Dime (5 cents) = 30 cents

So, the two coins that add up to 30 cents are a quarter and a nickel... wait, no! The problem states one of the coins is not a nickel.

Let's try again:

1. Quarter (25 cents) + Nickel (5 cents) doesn't work, as we already excluded it.
2. Dime (10 cents) + Quarter (20 cents) = 30 cents

So, the two coins that add up to 30 cents are a dime and a quarter.

I hope this solution is correct!","The actual answer attempts to solve the problem by considering possible coin combinations that add up to 30 cents. However, it incorrectly excludes a quarter as one of the coins and instead focuses on dime combinations. The correct approach is to identify a quarter as one of the coins that adds up to 30 cents, as stated in the expected answer.

The actual answer does capture the same meaning as the expected answer in terms of identifying two coins that add up to 30 cents, but it fails to correctly address the query by excluding a quarter. There are no factual errors or key omissions, but the response is incomplete and awkwardly phrased.","2026-04-01T06:22:33.4349323Z"
"reasoning_010","reasoning","You have two coins that add up to 30 cents. One is not a nickel. What are the two coins?","A quarter and a nickel",True,3,3,0.68,8.0,2,True,0.68,8,"To solve this, let's consider the possible coin combinations that add up to 30 cents.

Since one of the coins is not a nickel (5 cents), we can start by excluding it from the possibilities.

Here are some possible combinations:

1. Quarter (25 cents) + Nickel (5 cents) = 30 cents
2. Dime (10 cents) + Nickel (20 cents) doesn't work, as there's no 20-cent coin.
3. Quarter (25 cents) + Dime (5 cents) doesn't add up to 30 cents.

However, we can try another combination:

1. Quarter (25 cents) + Dime (5 cents) = 30 cents

So, the two coins that add up to 30 cents are a quarter and a nickel... wait, no! The problem states one of the coins is not a nickel.

Let's try again:

1. Quarter (25 cents) + Nickel (5 cents) doesn't work, as we already excluded it.
2. Dime (10 cents) + Quarter (20 cents) = 30 cents

So, the two coins that add up to 30 cents are a dime and a quarter.

I hope this solution is correct!","The actual answer attempts to solve the problem by considering possible coin combinations that add up to 30 cents. However, it incorrectly excludes a quarter as one of the coins and instead focuses on dime combinations. The correct approach is to identify a quarter as one of the coins that adds up to 30 cents, as stated in the expected answer.

The actual answer does capture the same meaning as the expected answer in terms of identifying two coins that add up to 30 cents, but it fails to correctly address the query by excluding a quarter. There are no factual errors or key omissions, but the response is incomplete and awkwardly phrased.","2026-04-01T06:24:19.2545027Z"
"reasoning_010","reasoning","You have two coins that add up to 30 cents. One is not a nickel. What are the two coins?","A quarter and a nickel",True,3,3,0.68,8.0,3,True,0.68,8,"To solve this, let's consider the possible coin combinations that add up to 30 cents.

Since one of the coins is not a nickel (5 cents), we can start by excluding it from the possibilities.

Here are some possible combinations:

1. Quarter (25 cents) + Nickel (5 cents) = 30 cents
2. Dime (10 cents) + Nickel (20 cents) doesn't work, as there's no 20-cent coin.
3. Quarter (25 cents) + Dime (5 cents) doesn't add up to 30 cents.

However, we can try another combination:

1. Quarter (25 cents) + Dime (5 cents) = 30 cents

So, the two coins that add up to 30 cents are a quarter and a nickel... wait, no! The problem states one of the coins is not a nickel.

Let's try again:

1. Quarter (25 cents) + Nickel (5 cents) doesn't work, as we already excluded it.
2. Dime (10 cents) + Quarter (20 cents) = 30 cents

So, the two coins that add up to 30 cents are a dime and a quarter.

I hope this solution is correct!","The actual answer attempts to solve the problem by considering possible coin combinations that add up to 30 cents. However, it incorrectly excludes a quarter as one of the coins and instead focuses on dime combinations. The correct approach is to identify a quarter as one of the coins that adds up to 30 cents, as stated in the expected answer.

The actual answer does capture the same meaning as the expected answer in terms of identifying two coins that add up to 30 cents, but it fails to correctly address the query by excluding a quarter. There are no factual errors or key omissions, but the response is incomplete and awkwardly phrased.","2026-04-01T06:26:04.1578974Z"
"reasoning_011","reasoning","If you overtake the person in second place in a race, what position are you in?","Second place",True,3,3,0.57,9.0,1,True,0.57,9,"If you overtake the person in second place in a race, that means you have passed them and taken their spot. Therefore, you would now be in second place.","Step 1 — Reason step by step:

The actual answer correctly addresses the query by explaining that overtaking someone in second place means taking their spot. This implies a change in position, which is accurately captured by stating ""you would now be in second place."" The response also maintains the same core meaning as the expected answer, conveying the idea of passing someone to take their position.

However, there are some minor wording differences between the actual and expected answers. The expected answer uses more direct language (""Second place""), while the actual answer provides a slightly more detailed explanation (""you would now be in second place""). Despite these differences, both responses convey the same essential information.

There are no apparent factual errors or key omissions in either response. The content is relevant to the query and addresses the question directly.

Step 2 — Assign a score:","2026-04-01T06:26:58.7771712Z"
"reasoning_011","reasoning","If you overtake the person in second place in a race, what position are you in?","Second place",True,3,3,0.57,9.0,2,True,0.57,9,"If you overtake the person in second place in a race, that means you have passed them and taken their spot. Therefore, you would now be in second place.","Step 1 — Reason step by step:

The actual answer correctly addresses the query by explaining that overtaking someone in second place means taking their spot. This implies a change in position, which is accurately captured by stating ""you would now be in second place."" The response also maintains the same core meaning as the expected answer, conveying the idea of passing someone to take their position.

However, there are some minor wording differences between the actual and expected answers. The expected answer uses more direct language (""Second place""), while the actual answer provides a slightly more detailed explanation (""you would now be in second place""). Despite these differences, both responses convey the same essential information.

There are no apparent factual errors or key omissions in either response. The content is relevant to the query and addresses the question directly.

Step 2 — Assign a score:","2026-04-01T06:27:53.5252060Z"
"reasoning_011","reasoning","If you overtake the person in second place in a race, what position are you in?","Second place",True,3,3,0.57,9.0,3,True,0.57,9,"If you overtake the person in second place in a race, that means you have passed them and taken their spot. Therefore, you would now be in second place.","Step 1 — Reason step by step:

The actual answer correctly addresses the query by explaining that overtaking someone in second place means taking their spot. This implies a change in position, which is accurately captured by stating ""you would now be in second place."" The response also maintains the same core meaning as the expected answer, conveying the idea of passing someone to take their position.

However, there are some minor wording differences between the actual and expected answers. The expected answer uses more direct language (""Second place""), while the actual answer provides a slightly more detailed explanation (""you would now be in second place""). Despite these differences, both responses convey the same essential information.

There are no apparent factual errors or key omissions in either response. The content is relevant to the query and addresses the question directly.

Step 2 — Assign a score:","2026-04-01T06:28:48.9624764Z"
"reasoning_012","reasoning","A rooster lays an egg on the peak of a roof. Which way does it roll?","Roosters do not lay eggs",True,3,3,0.75,8.0,1,True,0.75,8,"That's a classic lateral thinking puzzle!

The answer is... ""it doesn't!"" Roosters, being male chickens, do not lay eggs. Only hens, female chickens, can lay eggs.

So, in this case, there would be no egg to roll!","The actual answer correctly addresses the query by pointing out that roosters do not lay eggs. The response captures the same meaning as the expected answer, which is that roosters are male chickens and therefore cannot produce eggs. However, there is a minor error in the wording of the final sentence. Instead of saying ""So, in this case, there would be no egg to roll!"", it could be rephrased to simply ""Roosters don't lay eggs, so there's nothing to roll!"" to make the response more concise and clear.

The response also includes a brief explanation that only hens can lay eggs, which is not directly relevant to the query but provides additional context. Overall, the actual answer is mostly correct but could be improved with some minor adjustments to wording and clarity.","2026-04-01T06:29:52.3270432Z"
"reasoning_012","reasoning","A rooster lays an egg on the peak of a roof. Which way does it roll?","Roosters do not lay eggs",True,3,3,0.75,8.0,2,True,0.75,8,"That's a classic lateral thinking puzzle!

The answer is... ""it doesn't!"" Roosters, being male chickens, do not lay eggs. Only hens, female chickens, can lay eggs.

So, in this case, there would be no egg to roll!","The actual answer correctly addresses the query by pointing out that roosters do not lay eggs. The response captures the same meaning as the expected answer, which is that roosters are male chickens and therefore cannot produce eggs. However, there is a minor error in the wording of the final sentence. Instead of saying ""So, in this case, there would be no egg to roll!"", it could be rephrased to simply ""Roosters don't lay eggs, so there's nothing to roll!"" to make the response more concise and clear.

The response also includes a brief explanation that only hens can lay eggs, which is not directly relevant to the query but provides additional context. Overall, the actual answer is mostly correct but could be improved with some minor adjustments to wording and clarity.","2026-04-01T06:30:53.0188318Z"
"reasoning_012","reasoning","A rooster lays an egg on the peak of a roof. Which way does it roll?","Roosters do not lay eggs",True,3,3,0.75,8.0,3,True,0.75,8,"That's a classic lateral thinking puzzle!

The answer is... ""it doesn't!"" Roosters, being male chickens, do not lay eggs. Only hens, female chickens, can lay eggs.

So, in this case, there would be no egg to roll!","The actual answer correctly addresses the query by pointing out that roosters do not lay eggs. The response captures the same meaning as the expected answer, which is that roosters are male chickens and therefore cannot produce eggs. However, there is a minor error in the wording of the final sentence. Instead of saying ""So, in this case, there would be no egg to roll!"", it could be rephrased to simply ""Roosters don't lay eggs, so there's nothing to roll!"" to make the response more concise and clear.

The response also includes a brief explanation that only hens can lay eggs, which is not directly relevant to the query but provides additional context. Overall, the actual answer is mostly correct but could be improved with some minor adjustments to wording and clarity.","2026-04-01T06:31:53.1775616Z"
"history_002","history","Who was the first President of the United States?","George Washington",False,0,3,0.59,1.0,1,False,0.59,1,"The first President of the United States was George Washington. He served two terms in office from April 30, 1789, to March 4, 1797.","Step 1 — Reason step by step:

The actual answer correctly addresses the query by identifying George Washington as the first President of the United States. The response captures the same meaning as the expected answer, providing additional context about his term in office. However, there is a minor error in the wording; the expected answer states ""served two terms in office from April 30, 1789, to March 4, 1797,"" whereas the actual answer uses ""served two terms in office from April 30, 1789, to March 4, 1797"" without the comma. This minor error does not significantly impact the overall accuracy of the response.

Step 2 — Assign a score:

The actual answer is mostly correct but has some minor wording differences that do not affect its core meaning. Therefore, I would assign it a score of 8 out of 10.","2026-04-01T06:32:48.3281171Z"
"history_002","history","Who was the first President of the United States?","George Washington",False,0,3,0.59,1.0,2,False,0.59,1,"The first President of the United States was George Washington. He served two terms in office from April 30, 1789, to March 4, 1797.","Step 1 — Reason step by step:

The actual answer correctly addresses the query by identifying George Washington as the first President of the United States. The response captures the same meaning as the expected answer, providing additional context about his term in office. However, there is a minor error in the wording; the expected answer states ""served two terms in office from April 30, 1789, to March 4, 1797,"" whereas the actual answer uses ""served two terms in office from April 30, 1789, to March 4, 1797"" without the comma. This minor error does not significantly impact the overall accuracy of the response.

Step 2 — Assign a score:

The actual answer is mostly correct but has some minor wording differences that do not affect its core meaning. Therefore, I would assign it a score of 8 out of 10.","2026-04-01T06:33:43.8475547Z"
"history_002","history","Who was the first President of the United States?","George Washington",False,0,3,0.59,1.0,3,False,0.59,1,"The first President of the United States was George Washington. He served two terms in office from April 30, 1789, to March 4, 1797.","Step 1 — Reason step by step:

The actual answer correctly addresses the query by identifying George Washington as the first President of the United States. The response captures the same meaning as the expected answer, providing additional context about his term in office. However, there is a minor error in the wording; the expected answer states ""served two terms in office from April 30, 1789, to March 4, 1797,"" whereas the actual answer uses ""served two terms in office from April 30, 1789, to March 4, 1797"" without the comma. This minor error does not significantly impact the overall accuracy of the response.

Step 2 — Assign a score:

The actual answer is mostly correct but has some minor wording differences that do not affect its core meaning. Therefore, I would assign it a score of 8 out of 10.","2026-04-01T06:34:39.6909943Z"
"history_004","history","Who wrote the theory of evolution by natural selection?","Charles Darwin",True,3,3,0.54,9.0,1,True,0.54,9,"The theory of evolution by natural selection was written by Charles Darwin. His book, ""On the Origin of Species,"" was published in 1859 and is considered one of the most influential scientific works of all time. In it, Darwin presented his observations and ideas on how species evolve over time through a process of variation, mutation, genetic drift, gene flow, and natural selection.","Step 1 — Reason step by step:

The actual answer correctly addresses the query by identifying Charles Darwin as the author of the theory of evolution by natural selection. The response captures the same meaning as the expected answer, providing additional context about Darwin's book ""On the Origin of Species"" and its significance in the scientific community. However, there is a minor issue with the wording; the phrase ""The theory of evolution by natural selection was written by Charles Darwin"" could be rephrased for better clarity. Overall, the response provides accurate information while being slightly awkwardly phrased.

Step 2 — Assign a score:","2026-04-01T06:35:37.7068350Z"
"history_004","history","Who wrote the theory of evolution by natural selection?","Charles Darwin",True,3,3,0.54,9.0,2,True,0.54,9,"The theory of evolution by natural selection was written by Charles Darwin. His book, ""On the Origin of Species,"" was published in 1859 and is considered one of the most influential scientific works of all time. In it, Darwin presented his observations and ideas on how species evolve over time through a process of variation, mutation, genetic drift, gene flow, and natural selection.","Step 1 — Reason step by step:

The actual answer correctly addresses the query by identifying Charles Darwin as the author of the theory of evolution by natural selection. The response captures the same meaning as the expected answer, providing additional context about Darwin's book ""On the Origin of Species"" and its significance in the scientific community. However, there is a minor issue with the wording; the phrase ""The theory of evolution by natural selection was written by Charles Darwin"" could be rephrased for better clarity. Overall, the response provides accurate information while being slightly awkwardly phrased.

Step 2 — Assign a score:","2026-04-01T06:36:35.3028116Z"
"history_004","history","Who wrote the theory of evolution by natural selection?","Charles Darwin",True,3,3,0.54,9.0,3,True,0.54,9,"The theory of evolution by natural selection was written by Charles Darwin. His book, ""On the Origin of Species,"" was published in 1859 and is considered one of the most influential scientific works of all time. In it, Darwin presented his observations and ideas on how species evolve over time through a process of variation, mutation, genetic drift, gene flow, and natural selection.","Step 1 — Reason step by step:

The actual answer correctly addresses the query by identifying Charles Darwin as the author of the theory of evolution by natural selection. The response captures the same meaning as the expected answer, providing additional context about Darwin's book ""On the Origin of Species"" and its significance in the scientific community. However, there is a minor issue with the wording; the phrase ""The theory of evolution by natural selection was written by Charles Darwin"" could be rephrased for better clarity. Overall, the response provides accurate information while being slightly awkwardly phrased.

Step 2 — Assign a score:","2026-04-01T06:37:32.5199716Z"
"history_008","history","Who was the first woman to win a Nobel Prize?","Marie Curie",True,3,3,0.52,8.0,1,True,0.52,8,"Marie Curie was the first woman to win a Nobel Prize, and she won two Nobel Prizes in different fields. She received the Nobel Prize in Physics in 1903, along with her husband Pierre Curie and Henri Becquerel, for their pioneering work on radioactivity.

Later, Marie Curie also won the Nobel Prize in Chemistry in 1911, becoming the first person to win two Nobel Prizes in different scientific fields.","Step 1 — Reason step by step:

The actual answer correctly addresses the query by identifying Marie Curie as the first woman to win a Nobel Prize. It captures the same meaning as the expected answer in that it mentions Marie Curie and her achievement, but it also provides additional information about her winning two Nobel Prizes in different fields. However, this extra information is not directly relevant to answering who was the first woman to win a Nobel Prize. The actual answer does not omit any key points related to the query, but it does provide some extraneous details.

Step 2 — Assign a score:","2026-04-01T06:38:32.6354815Z"
"history_008","history","Who was the first woman to win a Nobel Prize?","Marie Curie",True,3,3,0.52,8.0,2,True,0.52,8,"Marie Curie was the first woman to win a Nobel Prize, and she won two Nobel Prizes in different fields. She received the Nobel Prize in Physics in 1903, along with her husband Pierre Curie and Henri Becquerel, for their pioneering work on radioactivity.

Later, Marie Curie also won the Nobel Prize in Chemistry in 1911, becoming the first person to win two Nobel Prizes in different scientific fields.","Step 1 — Reason step by step:

The actual answer correctly addresses the query by identifying Marie Curie as the first woman to win a Nobel Prize. It captures the same meaning as the expected answer in that it mentions Marie Curie and her achievement, but it also provides additional information about her winning two Nobel Prizes in different fields. However, this extra information is not directly relevant to answering who was the first woman to win a Nobel Prize. The actual answer does not omit any key points related to the query, but it does provide some extraneous details.

Step 2 — Assign a score:","2026-04-01T06:39:31.5718794Z"
"history_008","history","Who was the first woman to win a Nobel Prize?","Marie Curie",True,3,3,0.52,8.0,3,True,0.52,8,"Marie Curie was the first woman to win a Nobel Prize, and she won two Nobel Prizes in different fields. She received the Nobel Prize in Physics in 1903, along with her husband Pierre Curie and Henri Becquerel, for their pioneering work on radioactivity.

Later, Marie Curie also won the Nobel Prize in Chemistry in 1911, becoming the first person to win two Nobel Prizes in different scientific fields.","Step 1 — Reason step by step:

The actual answer correctly addresses the query by identifying Marie Curie as the first woman to win a Nobel Prize. It captures the same meaning as the expected answer in that it mentions Marie Curie and her achievement, but it also provides additional information about her winning two Nobel Prizes in different fields. However, this extra information is not directly relevant to answering who was the first woman to win a Nobel Prize. The actual answer does not omit any key points related to the query, but it does provide some extraneous details.

Step 2 — Assign a score:","2026-04-01T06:40:33.3193037Z"
"history_009","history","Which country was the first to grant women the right to vote?","New Zealand",True,3,3,0.52,9.0,1,True,0.52,9,"New Zealand was the first country to grant women the right to vote, in a general election held on November 16, 1893. The Electoral Act of 1893 granted women the right to vote and stand for election, making New Zealand the first self-governing country to do so.","Step 1 — Reason step by step:

The actual answer correctly addresses the query by identifying New Zealand as the country that granted women the right to vote. It captures the same meaning as the expected answer in terms of the specific year (1893) and the context of the electoral act. However, there is a minor difference in wording between ""first country"" and ""first self-governing country,"" which slightly affects the clarity of the response.

The actual answer also provides additional relevant information about the Electoral Act of 1893, which is not present in the expected answer. This extra detail does not detract from the overall accuracy but adds a layer of precision to the response.

Overall, the actual answer is mostly correct and conveys the same core meaning as the expected answer, with only minor variations in wording and additional context.

Step 2 — Assign a score:","2026-04-01T06:41:35.2468845Z"
"history_009","history","Which country was the first to grant women the right to vote?","New Zealand",True,3,3,0.52,9.0,2,True,0.52,9,"New Zealand was the first country to grant women the right to vote, in a general election held on November 16, 1893. The Electoral Act of 1893 granted women the right to vote and stand for election, making New Zealand the first self-governing country to do so.","Step 1 — Reason step by step:

The actual answer correctly addresses the query by identifying New Zealand as the country that granted women the right to vote. It captures the same meaning as the expected answer in terms of the specific year (1893) and the context of the electoral act. However, there is a minor difference in wording between ""first country"" and ""first self-governing country,"" which slightly affects the clarity of the response.

The actual answer also provides additional relevant information about the Electoral Act of 1893, which is not present in the expected answer. This extra detail does not detract from the overall accuracy but adds a layer of precision to the response.

Overall, the actual answer is mostly correct and conveys the same core meaning as the expected answer, with only minor variations in wording and additional context.

Step 2 — Assign a score:","2026-04-01T06:42:37.1712345Z"
"history_009","history","Which country was the first to grant women the right to vote?","New Zealand",True,3,3,0.52,9.0,3,True,0.52,9,"New Zealand was the first country to grant women the right to vote, in a general election held on November 16, 1893. The Electoral Act of 1893 granted women the right to vote and stand for election, making New Zealand the first self-governing country to do so.","Step 1 — Reason step by step:

The actual answer correctly addresses the query by identifying New Zealand as the country that granted women the right to vote. It captures the same meaning as the expected answer in terms of the specific year (1893) and the context of the electoral act. However, there is a minor difference in wording between ""first country"" and ""first self-governing country,"" which slightly affects the clarity of the response.

The actual answer also provides additional relevant information about the Electoral Act of 1893, which is not present in the expected answer. This extra detail does not detract from the overall accuracy but adds a layer of precision to the response.

Overall, the actual answer is mostly correct and conveys the same core meaning as the expected answer, with only minor variations in wording and additional context.

Step 2 — Assign a score:","2026-04-01T06:43:39.3263560Z"
"history_011","history","Who was the leader of Nazi Germany during World War II?","Adolf Hitler",True,3,3,0.61,9.0,1,True,0.61,9,"The leader of Nazi Germany during World War II was Adolf Hitler. He served as the Führer (leader) of Germany from 1934 to 1945 and was the dictator of the country. Hitler was a key figure in the rise of Nazism and the implementation of its policies, including the persecution and genocide of Jews, Romani people, disabled individuals, and other minority groups during the Holocaust.

Hitler's leadership of Nazi Germany was marked by aggressive military expansion, territorial conquests, and the devastation of Europe. He was responsible for the deaths of millions of people during World War II, including six million Jews who were systematically murdered in the Holocaust.

Hitler's rule was also characterized by authoritarianism, propaganda, and suppression of opposition. He used his charisma and oratory skills to rally support for his regime, and he implemented a cult of personality that made him seem invincible and all-powerful.

Despite his brutal policies and catastrophic consequences, Hitler remained in power until the end of World War II in 1945, when Allied forces defeated Germany and he took his own life.","The actual answer correctly identifies Adolf Hitler as the leader of Nazi Germany during World War II. It captures the same meaning as the expected answer, providing a detailed description of Hitler's role, policies, and consequences. The response includes relevant information about his leadership, military expansion, and the devastation he caused, which aligns with the expected answer.

However, there are some minor wording differences and slight variations in sentence structure, but overall, the content is accurate and comprehensive. The only potential issue is that the introduction could be more concise, as it slightly deviates from the expected answer's straightforward phrasing.

Despite this minor quibble, the actual answer effectively conveys the same information as the expected answer, making it a very good response.","2026-04-01T06:45:17.3970984Z"
"history_011","history","Who was the leader of Nazi Germany during World War II?","Adolf Hitler",True,3,3,0.61,9.0,2,True,0.61,9,"The leader of Nazi Germany during World War II was Adolf Hitler. He served as the Führer (leader) of Germany from 1934 to 1945 and was the dictator of the country. Hitler was a key figure in the rise of Nazism and the implementation of its policies, including the persecution and genocide of Jews, Romani people, disabled individuals, and other minority groups during the Holocaust.

Hitler's leadership of Nazi Germany was marked by aggressive military expansion, territorial conquests, and the devastation of Europe. He was responsible for the deaths of millions of people during World War II, including six million Jews who were systematically murdered in the Holocaust.

Hitler's rule was also characterized by authoritarianism, propaganda, and suppression of opposition. He used his charisma and oratory skills to rally support for his regime, and he implemented a cult of personality that made him seem invincible and all-powerful.

Despite his brutal policies and catastrophic consequences, Hitler remained in power until the end of World War II in 1945, when Allied forces defeated Germany and he took his own life.","The actual answer correctly identifies Adolf Hitler as the leader of Nazi Germany during World War II. It captures the same meaning as the expected answer, providing a detailed description of Hitler's role, policies, and consequences. The response includes relevant information about his leadership, military expansion, and the devastation he caused, which aligns with the expected answer.

However, there are some minor wording differences and slight variations in sentence structure, but overall, the content is accurate and comprehensive. The only potential issue is that the introduction could be more concise, as it slightly deviates from the expected answer's straightforward phrasing.

Despite this minor quibble, the actual answer effectively conveys the same information as the expected answer, making it a very good response.","2026-04-01T06:46:54.5575531Z"
"history_011","history","Who was the leader of Nazi Germany during World War II?","Adolf Hitler",True,3,3,0.61,9.0,3,True,0.61,9,"The leader of Nazi Germany during World War II was Adolf Hitler. He served as the Führer (leader) of Germany from 1934 to 1945 and was the dictator of the country. Hitler was a key figure in the rise of Nazism and the implementation of its policies, including the persecution and genocide of Jews, Romani people, disabled individuals, and other minority groups during the Holocaust.

Hitler's leadership of Nazi Germany was marked by aggressive military expansion, territorial conquests, and the devastation of Europe. He was responsible for the deaths of millions of people during World War II, including six million Jews who were systematically murdered in the Holocaust.

Hitler's rule was also characterized by authoritarianism, propaganda, and suppression of opposition. He used his charisma and oratory skills to rally support for his regime, and he implemented a cult of personality that made him seem invincible and all-powerful.

Despite his brutal policies and catastrophic consequences, Hitler remained in power until the end of World War II in 1945, when Allied forces defeated Germany and he took his own life.","The actual answer correctly identifies Adolf Hitler as the leader of Nazi Germany during World War II. It captures the same meaning as the expected answer, providing a detailed description of Hitler's role, policies, and consequences. The response includes relevant information about his leadership, military expansion, and the devastation he caused, which aligns with the expected answer.

However, there are some minor wording differences and slight variations in sentence structure, but overall, the content is accurate and comprehensive. The only potential issue is that the introduction could be more concise, as it slightly deviates from the expected answer's straightforward phrasing.

Despite this minor quibble, the actual answer effectively conveys the same information as the expected answer, making it a very good response.","2026-04-01T06:48:31.6202071Z"
"history_012","history","Which ancient wonder was located in Alexandria, Egypt?","The Lighthouse of Alexandria",False,0,3,0.68,7.0,1,False,0.68,7,"The Lighthouse of Alexandria was one of the Seven Ancient Wonders of the World and was located in Alexandria, Egypt. It was built during the Ptolemaic Kingdom around 280 BC to serve as a beacon for ships and a symbol of the city's power. Unfortunately, it has not survived to the present day due to earthquakes and other natural disasters.","Step 1 — Reason step by step:

The actual answer correctly addresses the query by identifying the Lighthouse of Alexandria as the ancient wonder located in Alexandria, Egypt. It captures the same meaning as the expected answer, providing a clear and concise description of the structure's purpose and significance. However, there are some minor omissions and additional information that deviate from the expected answer. The actual answer provides more context about the Lighthouse's construction and its current state, which is not present in the expected answer.

Step 2 — Assign a score:

The actual answer is mostly correct but incomplete or awkward, as it includes extra details that are not present in the expected answer. Despite this, it still conveys the same core meaning and provides relevant information about the Lighthouse of Alexandria. Therefore, I would assign a score of 7 out of 10.","2026-04-01T06:49:36.5879901Z"
"history_012","history","Which ancient wonder was located in Alexandria, Egypt?","The Lighthouse of Alexandria",False,0,3,0.68,7.0,2,False,0.68,7,"The Lighthouse of Alexandria was one of the Seven Ancient Wonders of the World and was located in Alexandria, Egypt. It was built during the Ptolemaic Kingdom around 280 BC to serve as a beacon for ships and a symbol of the city's power. Unfortunately, it has not survived to the present day due to earthquakes and other natural disasters.","Step 1 — Reason step by step:

The actual answer correctly addresses the query by identifying the Lighthouse of Alexandria as the ancient wonder located in Alexandria, Egypt. It captures the same meaning as the expected answer, providing a clear and concise description of the structure's purpose and significance. However, there are some minor omissions and additional information that deviate from the expected answer. The actual answer provides more context about the Lighthouse's construction and its current state, which is not present in the expected answer.

Step 2 — Assign a score:

The actual answer is mostly correct but incomplete or awkward, as it includes extra details that are not present in the expected answer. Despite this, it still conveys the same core meaning and provides relevant information about the Lighthouse of Alexandria. Therefore, I would assign a score of 7 out of 10.","2026-04-01T06:50:43.3309689Z"
"history_012","history","Which ancient wonder was located in Alexandria, Egypt?","The Lighthouse of Alexandria",False,0,3,0.68,7.0,3,False,0.68,7,"The Lighthouse of Alexandria was one of the Seven Ancient Wonders of the World and was located in Alexandria, Egypt. It was built during the Ptolemaic Kingdom around 280 BC to serve as a beacon for ships and a symbol of the city's power. Unfortunately, it has not survived to the present day due to earthquakes and other natural disasters.","Step 1 — Reason step by step:

The actual answer correctly addresses the query by identifying the Lighthouse of Alexandria as the ancient wonder located in Alexandria, Egypt. It captures the same meaning as the expected answer, providing a clear and concise description of the structure's purpose and significance. However, there are some minor omissions and additional information that deviate from the expected answer. The actual answer provides more context about the Lighthouse's construction and its current state, which is not present in the expected answer.

Step 2 — Assign a score:

The actual answer is mostly correct but incomplete or awkward, as it includes extra details that are not present in the expected answer. Despite this, it still conveys the same core meaning and provides relevant information about the Lighthouse of Alexandria. Therefore, I would assign a score of 7 out of 10.","2026-04-01T06:51:48.9381577Z"
"history_014","history","Who gave the 'I Have a Dream' speech?","Martin Luther King Jr.",True,3,3,0.59,9.0,1,True,0.59,9,"The ""I Have a Dream"" speech was given by Martin Luther King Jr. on August 28, 1963, during the March on Washington for Jobs and Freedom in Washington, D.C. The speech is considered one of the most iconic and influential speeches in American history, advocating for civil rights and racial equality.","Step 1 — Reason step by step:

The actual answer correctly addresses the query by providing the name of the person who gave the 'I Have a Dream' speech. However, it is slightly redundant and includes extra information that is not necessary to answer the question. The core meaning of the expected answer is captured, but the actual answer could be more concise.

The actual answer does not include any factual errors or key omissions that would detract from its overall accuracy. It also avoids irrelevant content, making it a straightforward response to the query.

One minor issue with the actual answer is that it includes extra information about the speech being ""considered one of the most iconic and influential speeches in American history,"" which is not directly relevant to answering who gave the speech.

Overall, the actual answer provides the correct information but could be improved by being more concise and focused on the question at hand.

Step 2 — Assign a score:","2026-04-01T06:52:54.5759831Z"
"history_014","history","Who gave the 'I Have a Dream' speech?","Martin Luther King Jr.",True,3,3,0.59,9.0,2,True,0.59,9,"The ""I Have a Dream"" speech was given by Martin Luther King Jr. on August 28, 1963, during the March on Washington for Jobs and Freedom in Washington, D.C. The speech is considered one of the most iconic and influential speeches in American history, advocating for civil rights and racial equality.","Step 1 — Reason step by step:

The actual answer correctly addresses the query by providing the name of the person who gave the 'I Have a Dream' speech. However, it is slightly redundant and includes extra information that is not necessary to answer the question. The core meaning of the expected answer is captured, but the actual answer could be more concise.

The actual answer does not include any factual errors or key omissions that would detract from its overall accuracy. It also avoids irrelevant content, making it a straightforward response to the query.

One minor issue with the actual answer is that it includes extra information about the speech being ""considered one of the most iconic and influential speeches in American history,"" which is not directly relevant to answering who gave the speech.

Overall, the actual answer provides the correct information but could be improved by being more concise and focused on the question at hand.

Step 2 — Assign a score:","2026-04-01T06:53:59.6522728Z"
"history_014","history","Who gave the 'I Have a Dream' speech?","Martin Luther King Jr.",True,3,3,0.59,9.0,3,True,0.59,9,"The ""I Have a Dream"" speech was given by Martin Luther King Jr. on August 28, 1963, during the March on Washington for Jobs and Freedom in Washington, D.C. The speech is considered one of the most iconic and influential speeches in American history, advocating for civil rights and racial equality.","Step 1 — Reason step by step:

The actual answer correctly addresses the query by providing the name of the person who gave the 'I Have a Dream' speech. However, it is slightly redundant and includes extra information that is not necessary to answer the question. The core meaning of the expected answer is captured, but the actual answer could be more concise.

The actual answer does not include any factual errors or key omissions that would detract from its overall accuracy. It also avoids irrelevant content, making it a straightforward response to the query.

One minor issue with the actual answer is that it includes extra information about the speech being ""considered one of the most iconic and influential speeches in American history,"" which is not directly relevant to answering who gave the speech.

Overall, the actual answer provides the correct information but could be improved by being more concise and focused on the question at hand.

Step 2 — Assign a score:","2026-04-01T06:55:03.4621063Z"
"history_017","history","Who invented the telephone?","Alexander Graham Bell",True,3,3,0.61,8.0,1,True,0.61,8,"The invention of the telephone is credited to Alexander Graham Bell, a Scottish-born inventor and scientist. He patented the first practical telephone on March 7, 1876. However, there is some controversy over whether Bell was the sole inventor of the telephone.

Other inventors, such as Elisha Gray and Antonio Meucci, also worked on similar devices around the same time as Bell. Gray filed a caveat for a telephone invention at the US Patent Office on February 14, 1876, just hours after Bell. Meucci, an Italian-American inventor, had been working on a ""talking telegraph"" device since the 1840s.

Despite these claims of prior invention, Bell is widely credited with developing the first practical telephone that could transmit the human voice over wires. His design used electrical signals to transmit sound waves, and it revolutionized communication forever.

It's worth noting that the development of the telephone was a gradual process that involved the contributions of many inventors and scientists over several decades. However, Alexander Graham Bell is generally recognized as the inventor of the first practical telephone.","The actual answer correctly addresses the query by identifying Alexander Graham Bell as the inventor of the telephone. It captures the same meaning as the expected answer, providing additional context and information about the controversy surrounding the invention. However, there are some minor omissions and wordings that could be improved for clarity.

For example, the phrase ""despite these claims of prior invention"" could be rephrased to provide more detail about the controversy, such as mentioning specific dates or events. Additionally, the sentence ""His design used electrical signals to transmit sound waves, and it revolutionized communication forever"" feels a bit disconnected from the rest of the text.

Overall, while there are some minor issues with wording and clarity, the actual answer provides a good foundation for understanding the history of the telephone's invention.","2026-04-01T06:56:42.3061920Z"
"history_017","history","Who invented the telephone?","Alexander Graham Bell",True,3,3,0.61,8.0,2,True,0.61,8,"The invention of the telephone is credited to Alexander Graham Bell, a Scottish-born inventor and scientist. He patented the first practical telephone on March 7, 1876. However, there is some controversy over whether Bell was the sole inventor of the telephone.

Other inventors, such as Elisha Gray and Antonio Meucci, also worked on similar devices around the same time as Bell. Gray filed a caveat for a telephone invention at the US Patent Office on February 14, 1876, just hours after Bell. Meucci, an Italian-American inventor, had been working on a ""talking telegraph"" device since the 1840s.

Despite these claims of prior invention, Bell is widely credited with developing the first practical telephone that could transmit the human voice over wires. His design used electrical signals to transmit sound waves, and it revolutionized communication forever.

It's worth noting that the development of the telephone was a gradual process that involved the contributions of many inventors and scientists over several decades. However, Alexander Graham Bell is generally recognized as the inventor of the first practical telephone.","The actual answer correctly addresses the query by identifying Alexander Graham Bell as the inventor of the telephone. It captures the same meaning as the expected answer, providing additional context and information about the controversy surrounding the invention. However, there are some minor omissions and wordings that could be improved for clarity.

For example, the phrase ""despite these claims of prior invention"" could be rephrased to provide more detail about the controversy, such as mentioning specific dates or events. Additionally, the sentence ""His design used electrical signals to transmit sound waves, and it revolutionized communication forever"" feels a bit disconnected from the rest of the text.

Overall, while there are some minor issues with wording and clarity, the actual answer provides a good foundation for understanding the history of the telephone's invention.","2026-04-01T06:58:23.0571879Z"
"history_017","history","Who invented the telephone?","Alexander Graham Bell",True,3,3,0.61,8.0,3,True,0.61,8,"The invention of the telephone is credited to Alexander Graham Bell, a Scottish-born inventor and scientist. He patented the first practical telephone on March 7, 1876. However, there is some controversy over whether Bell was the sole inventor of the telephone.

Other inventors, such as Elisha Gray and Antonio Meucci, also worked on similar devices around the same time as Bell. Gray filed a caveat for a telephone invention at the US Patent Office on February 14, 1876, just hours after Bell. Meucci, an Italian-American inventor, had been working on a ""talking telegraph"" device since the 1840s.

Despite these claims of prior invention, Bell is widely credited with developing the first practical telephone that could transmit the human voice over wires. His design used electrical signals to transmit sound waves, and it revolutionized communication forever.

It's worth noting that the development of the telephone was a gradual process that involved the contributions of many inventors and scientists over several decades. However, Alexander Graham Bell is generally recognized as the inventor of the first practical telephone.","The actual answer correctly addresses the query by identifying Alexander Graham Bell as the inventor of the telephone. It captures the same meaning as the expected answer, providing additional context and information about the controversy surrounding the invention. However, there are some minor omissions and wordings that could be improved for clarity.

For example, the phrase ""despite these claims of prior invention"" could be rephrased to provide more detail about the controversy, such as mentioning specific dates or events. Additionally, the sentence ""His design used electrical signals to transmit sound waves, and it revolutionized communication forever"" feels a bit disconnected from the rest of the text.

Overall, while there are some minor issues with wording and clarity, the actual answer provides a good foundation for understanding the history of the telephone's invention.","2026-04-01T07:00:05.1479324Z"
"definition_003","definitions","What is an algorithm?","A set of step-by-step instructions or rules designed to solve a problem or complete a task",False,0,3,0.67,6.0,1,False,0.67,6,"An algorithm is a well-defined procedure that takes some input and produces a corresponding output. It's a set of instructions that is used to solve a specific problem or perform a particular task. Algorithms are often used in computer science, but they can also be applied to other fields such as mathematics, engineering, and economics.

A good algorithm should have the following properties:

1. **Efficiency**: The algorithm should be able to complete its task quickly and efficiently.
2. **Correctness**: The algorithm should produce the correct output for a given input.
3. **Scalability**: The algorithm should be able to handle large inputs or complex problems.
4. **Readability**: The algorithm should be easy to understand and maintain.

Algorithms can be classified into different types, including:

1. **Sorting algorithms**: These algorithms are used to sort data in a specific order, such as ascending or descending.
2. **Searching algorithms**: These algorithms are used to find a specific piece of data within a larger dataset.
3. **Graph algorithms**: These algorithms are used to analyze and manipulate graphs, which are collections of nodes and edges.
4. **Dynamic programming algorithms**: These algorithms use a combination of memoization and recursion to solve complex problems.

Some common examples of algorithms include:

1. The bubble sort algorithm for sorting data
2. The binary search algorithm for searching data in a sorted list
3. The Dijkstra's algorithm for finding the shortest path between two nodes in a graph
4. The greedy algorithm for solving optimization problems

In summary, an algorithm is a set of instructions that solves a specific problem or performs a particular task, and it should be efficient, correct, scalable, and readable.

Here's an example of a simple algorithm:

**Algorithm:**

1. Input: A list of numbers
2. Sort the list in ascending order using bubble sort
3. Output: The sorted list

**Pseudocode:**
```
FOR i FROM 0 TO length(list) - 1 DO
  FOR j FROM 0 TO length(list) - i - 1 DO
    IF list[j] > list[j + 1] THEN
      Swap list[j] and list[j + 1]
    END IF
  END FOR
END FOR
```
This algorithm sorts a list of numbers using the bubble sort method.","The actual answer partially addresses the query. It correctly defines an algorithm as a well-defined procedure that takes input and produces output, but it does not capture the same meaning as the expected answer in terms of emphasizing the importance of efficiency, correctness, scalability, and readability. The answer also provides additional information about different types of algorithms and examples, which is not directly relevant to the query.","2026-04-01T07:02:46.3370847Z"
"definition_003","definitions","What is an algorithm?","A set of step-by-step instructions or rules designed to solve a problem or complete a task",False,0,3,0.67,6.0,2,False,0.67,6,"An algorithm is a well-defined procedure that takes some input and produces a corresponding output. It's a set of instructions that is used to solve a specific problem or perform a particular task. Algorithms are often used in computer science, but they can also be applied to other fields such as mathematics, engineering, and economics.

A good algorithm should have the following properties:

1. **Efficiency**: The algorithm should be able to complete its task quickly and efficiently.
2. **Correctness**: The algorithm should produce the correct output for a given input.
3. **Scalability**: The algorithm should be able to handle large inputs or complex problems.
4. **Readability**: The algorithm should be easy to understand and maintain.

Algorithms can be classified into different types, including:

1. **Sorting algorithms**: These algorithms are used to sort data in a specific order, such as ascending or descending.
2. **Searching algorithms**: These algorithms are used to find a specific piece of data within a larger dataset.
3. **Graph algorithms**: These algorithms are used to analyze and manipulate graphs, which are collections of nodes and edges.
4. **Dynamic programming algorithms**: These algorithms use a combination of memoization and recursion to solve complex problems.

Some common examples of algorithms include:

1. The bubble sort algorithm for sorting data
2. The binary search algorithm for searching data in a sorted list
3. The Dijkstra's algorithm for finding the shortest path between two nodes in a graph
4. The greedy algorithm for solving optimization problems

In summary, an algorithm is a set of instructions that solves a specific problem or performs a particular task, and it should be efficient, correct, scalable, and readable.

Here's an example of a simple algorithm:

**Algorithm:**

1. Input: A list of numbers
2. Sort the list in ascending order using bubble sort
3. Output: The sorted list

**Pseudocode:**
```
FOR i FROM 0 TO length(list) - 1 DO
  FOR j FROM 0 TO length(list) - i - 1 DO
    IF list[j] > list[j + 1] THEN
      Swap list[j] and list[j + 1]
    END IF
  END FOR
END FOR
```
This algorithm sorts a list of numbers using the bubble sort method.","The actual answer partially addresses the query. It correctly defines an algorithm as a well-defined procedure that takes input and produces output, but it does not capture the same meaning as the expected answer in terms of emphasizing the importance of efficiency, correctness, scalability, and readability. The answer also provides additional information about different types of algorithms and examples, which is not directly relevant to the query.","2026-04-01T07:05:20.9903409Z"
"definition_003","definitions","What is an algorithm?","A set of step-by-step instructions or rules designed to solve a problem or complete a task",False,0,3,0.67,6.0,3,False,0.67,6,"An algorithm is a well-defined procedure that takes some input and produces a corresponding output. It's a set of instructions that is used to solve a specific problem or perform a particular task. Algorithms are often used in computer science, but they can also be applied to other fields such as mathematics, engineering, and economics.

A good algorithm should have the following properties:

1. **Efficiency**: The algorithm should be able to complete its task quickly and efficiently.
2. **Correctness**: The algorithm should produce the correct output for a given input.
3. **Scalability**: The algorithm should be able to handle large inputs or complex problems.
4. **Readability**: The algorithm should be easy to understand and maintain.

Algorithms can be classified into different types, including:

1. **Sorting algorithms**: These algorithms are used to sort data in a specific order, such as ascending or descending.
2. **Searching algorithms**: These algorithms are used to find a specific piece of data within a larger dataset.
3. **Graph algorithms**: These algorithms are used to analyze and manipulate graphs, which are collections of nodes and edges.
4. **Dynamic programming algorithms**: These algorithms use a combination of memoization and recursion to solve complex problems.

Some common examples of algorithms include:

1. The bubble sort algorithm for sorting data
2. The binary search algorithm for searching data in a sorted list
3. The Dijkstra's algorithm for finding the shortest path between two nodes in a graph
4. The greedy algorithm for solving optimization problems

In summary, an algorithm is a set of instructions that solves a specific problem or performs a particular task, and it should be efficient, correct, scalable, and readable.

Here's an example of a simple algorithm:

**Algorithm:**

1. Input: A list of numbers
2. Sort the list in ascending order using bubble sort
3. Output: The sorted list

**Pseudocode:**
```
FOR i FROM 0 TO length(list) - 1 DO
  FOR j FROM 0 TO length(list) - i - 1 DO
    IF list[j] > list[j + 1] THEN
      Swap list[j] and list[j + 1]
    END IF
  END FOR
END FOR
```
This algorithm sorts a list of numbers using the bubble sort method.","The actual answer partially addresses the query. It correctly defines an algorithm as a well-defined procedure that takes input and produces output, but it does not capture the same meaning as the expected answer in terms of emphasizing the importance of efficiency, correctness, scalability, and readability. The answer also provides additional information about different types of algorithms and examples, which is not directly relevant to the query.","2026-04-01T07:07:55.2808621Z"
"definition_004","definitions","Define gravity","A natural force that attracts objects with mass toward one another, pulling them together",True,3,3,0.81,9.0,1,True,0.81,9,"Gravity is a fundamental force of nature that causes objects with mass to attract each other. It is a universal force that affects everything with mass or energy, from the smallest subatomic particles to the largest galaxies.

Gravity is often described as a ""pull"" or an ""attractive force"" that acts between two objects, with the strength of the force depending on the mass and distance between them. The more massive the objects and the closer they are to each other, the stronger the gravitational pull between them.

There are several key aspects of gravity:

1. **Universal**: Gravity is a universal force that affects everything with mass or energy.
2. **Attractive**: Gravity is an attractive force, meaning it pulls objects towards each other.
3. **Mass-dependent**: The strength of gravity depends on the mass of the objects involved.
4. **Distance-dependent**: The strength of gravity decreases as the distance between objects increases.

Gravity has several effects on objects and systems:

1. **Orbital motion**: Gravity causes objects to follow curved paths, such as orbits around planets or moons.
2. **Falling**: Gravity pulls objects towards the ground, causing them to fall.
3. **Tides**: Gravity causes the oceans to bulge, creating tides.
4. **Gravitational waves**: Gravity produces ripples in spacetime that can be detected by instruments.

Gravity is a fundamental aspect of our understanding of the universe, and it plays a crucial role in shaping the behavior of celestial bodies and the fabric of spacetime itself.","The actual answer correctly addresses the query by defining gravity as a natural force that attracts objects with mass toward one another. It captures the same meaning as the expected answer in terms of describing gravity as an attractive force between objects. However, there are some minor wording differences and additional information provided, such as the universal nature of gravity and its effects on spacetime.

The actual answer also includes more detailed explanations of key aspects of gravity, such as mass-dependence and distance-dependence, which is not present in the expected answer. Additionally, it provides several examples of how gravity affects objects and systems, which adds to the overall clarity and completeness of the response.

Overall, while there are some minor differences in wording and additional information, the actual answer conveys the same core meaning as the expected answer and demonstrates a good understanding of the concept of gravity.","2026-04-01T07:10:00.6891116Z"
"definition_004","definitions","Define gravity","A natural force that attracts objects with mass toward one another, pulling them together",True,3,3,0.81,9.0,2,True,0.81,9,"Gravity is a fundamental force of nature that causes objects with mass to attract each other. It is a universal force that affects everything with mass or energy, from the smallest subatomic particles to the largest galaxies.

Gravity is often described as a ""pull"" or an ""attractive force"" that acts between two objects, with the strength of the force depending on the mass and distance between them. The more massive the objects and the closer they are to each other, the stronger the gravitational pull between them.

There are several key aspects of gravity:

1. **Universal**: Gravity is a universal force that affects everything with mass or energy.
2. **Attractive**: Gravity is an attractive force, meaning it pulls objects towards each other.
3. **Mass-dependent**: The strength of gravity depends on the mass of the objects involved.
4. **Distance-dependent**: The strength of gravity decreases as the distance between objects increases.

Gravity has several effects on objects and systems:

1. **Orbital motion**: Gravity causes objects to follow curved paths, such as orbits around planets or moons.
2. **Falling**: Gravity pulls objects towards the ground, causing them to fall.
3. **Tides**: Gravity causes the oceans to bulge, creating tides.
4. **Gravitational waves**: Gravity produces ripples in spacetime that can be detected by instruments.

Gravity is a fundamental aspect of our understanding of the universe, and it plays a crucial role in shaping the behavior of celestial bodies and the fabric of spacetime itself.","The actual answer correctly addresses the query by defining gravity as a natural force that attracts objects with mass toward one another. It captures the same meaning as the expected answer in terms of describing gravity as an attractive force between objects. However, there are some minor wording differences and additional information provided, such as the universal nature of gravity and its effects on spacetime.

The actual answer also includes more detailed explanations of key aspects of gravity, such as mass-dependence and distance-dependence, which is not present in the expected answer. Additionally, it provides several examples of how gravity affects objects and systems, which adds to the overall clarity and completeness of the response.

Overall, while there are some minor differences in wording and additional information, the actual answer conveys the same core meaning as the expected answer and demonstrates a good understanding of the concept of gravity.","2026-04-01T07:12:03.4568560Z"
"definition_004","definitions","Define gravity","A natural force that attracts objects with mass toward one another, pulling them together",True,3,3,0.81,9.0,3,True,0.81,9,"Gravity is a fundamental force of nature that causes objects with mass to attract each other. It is a universal force that affects everything with mass or energy, from the smallest subatomic particles to the largest galaxies.

Gravity is often described as a ""pull"" or an ""attractive force"" that acts between two objects, with the strength of the force depending on the mass and distance between them. The more massive the objects and the closer they are to each other, the stronger the gravitational pull between them.

There are several key aspects of gravity:

1. **Universal**: Gravity is a universal force that affects everything with mass or energy.
2. **Attractive**: Gravity is an attractive force, meaning it pulls objects towards each other.
3. **Mass-dependent**: The strength of gravity depends on the mass of the objects involved.
4. **Distance-dependent**: The strength of gravity decreases as the distance between objects increases.

Gravity has several effects on objects and systems:

1. **Orbital motion**: Gravity causes objects to follow curved paths, such as orbits around planets or moons.
2. **Falling**: Gravity pulls objects towards the ground, causing them to fall.
3. **Tides**: Gravity causes the oceans to bulge, creating tides.
4. **Gravitational waves**: Gravity produces ripples in spacetime that can be detected by instruments.

Gravity is a fundamental aspect of our understanding of the universe, and it plays a crucial role in shaping the behavior of celestial bodies and the fabric of spacetime itself.","The actual answer correctly addresses the query by defining gravity as a natural force that attracts objects with mass toward one another. It captures the same meaning as the expected answer in terms of describing gravity as an attractive force between objects. However, there are some minor wording differences and additional information provided, such as the universal nature of gravity and its effects on spacetime.

The actual answer also includes more detailed explanations of key aspects of gravity, such as mass-dependence and distance-dependence, which is not present in the expected answer. Additionally, it provides several examples of how gravity affects objects and systems, which adds to the overall clarity and completeness of the response.

Overall, while there are some minor differences in wording and additional information, the actual answer conveys the same core meaning as the expected answer and demonstrates a good understanding of the concept of gravity.","2026-04-01T07:14:26.5199848Z"
"definition_005","definitions","What is inflation in economics?","The rate at which the general level of prices for goods and services rises over time, reducing purchasing power",True,3,3,0.70,8.0,1,True,0.70,8,"In economics, inflation is a sustained increase in the general price level of goods and services in an economy over time. It is measured as an annual percentage increase in the Consumer Price Index (CPI), which is a basket of goods and services commonly purchased by households.

Inflation occurs when there is too much money circulating in the economy, causing demand to outstrip supply. This can lead to higher prices for goods and services, as businesses raise their prices to capture the excess demand and maintain profit margins.

There are several causes of inflation, including:

1. Monetary policy: An increase in the money supply, often caused by central banks printing more money or lowering interest rates, can lead to inflation.
2. Demand-pull inflation: When aggregate demand exceeds the available supply of goods and services, businesses raise their prices to capture the excess demand.
3. Cost-push inflation: Increases in production costs, such as higher wages or raw materials prices, can lead to higher prices for goods and services.
4. Supply-side shocks: Events such as natural disasters, wars, or global events can disrupt supply chains and lead to price increases.

The effects of inflation on the economy can be both positive and negative:

Positive effects:

* Inflation can stimulate economic growth by encouraging spending and investment.
* A moderate level of inflation can help reduce debt burdens, as the value of the debt decreases over time.

Negative effects:

* High inflation can erode the purchasing power of consumers, reducing their standard of living.
* Inflation can lead to higher interest rates, making borrowing more expensive.
* Inflation can create uncertainty and volatility in financial markets.

Central banks, such as the Federal Reserve in the United States, use monetary policy tools to manage inflation. They can increase interest rates to reduce demand and curb inflation, or lower interest rates to stimulate economic growth and reduce unemployment.

It's worth noting that there is a difference between:

* Low inflation (0-2%): A moderate level of inflation that is considered healthy for the economy.
* Moderate inflation (2-5%): A higher level of inflation that can be more challenging to manage, but still considered manageable.
* High inflation (above 5%): A high level of inflation that can have significant negative effects on the economy.

Overall, inflation is a complex and multifaceted phenomenon that requires careful management by policymakers to ensure economic stability and growth.","The actual answer correctly addresses the query by defining inflation as a sustained increase in the general price level of goods and services over time. However, it does not explicitly mention ""rising prices"" or ""reduced purchasing power,"" which are crucial aspects of the expected answer. The actual answer also provides more detailed information about the causes and effects of inflation, but this additional content is not directly relevant to the query.

The actual answer captures the same core meaning as the expected answer, but with some minor wording differences. It does provide a clear explanation of inflation, its causes, and its effects on the economy, which is beneficial for understanding the concept.

There are no factual errors or key omissions in the actual answer. The content is mostly relevant to the query, although it could be more concise and focused on the specific aspects mentioned in the expected answer.

Overall, while the actual answer provides a good overview of inflation, it does not perfectly match the expected answer due to the omission of key phrases and a slightly different wording style.","2026-04-01T07:17:30.3032475Z"
"definition_005","definitions","What is inflation in economics?","The rate at which the general level of prices for goods and services rises over time, reducing purchasing power",True,3,3,0.70,8.0,2,True,0.70,8,"In economics, inflation is a sustained increase in the general price level of goods and services in an economy over time. It is measured as an annual percentage increase in the Consumer Price Index (CPI), which is a basket of goods and services commonly purchased by households.

Inflation occurs when there is too much money circulating in the economy, causing demand to outstrip supply. This can lead to higher prices for goods and services, as businesses raise their prices to capture the excess demand and maintain profit margins.

There are several causes of inflation, including:

1. Monetary policy: An increase in the money supply, often caused by central banks printing more money or lowering interest rates, can lead to inflation.
2. Demand-pull inflation: When aggregate demand exceeds the available supply of goods and services, businesses raise their prices to capture the excess demand.
3. Cost-push inflation: Increases in production costs, such as higher wages or raw materials prices, can lead to higher prices for goods and services.
4. Supply-side shocks: Events such as natural disasters, wars, or global events can disrupt supply chains and lead to price increases.

The effects of inflation on the economy can be both positive and negative:

Positive effects:

* Inflation can stimulate economic growth by encouraging spending and investment.
* A moderate level of inflation can help reduce debt burdens, as the value of the debt decreases over time.

Negative effects:

* High inflation can erode the purchasing power of consumers, reducing their standard of living.
* Inflation can lead to higher interest rates, making borrowing more expensive.
* Inflation can create uncertainty and volatility in financial markets.

Central banks, such as the Federal Reserve in the United States, use monetary policy tools to manage inflation. They can increase interest rates to reduce demand and curb inflation, or lower interest rates to stimulate economic growth and reduce unemployment.

It's worth noting that there is a difference between:

* Low inflation (0-2%): A moderate level of inflation that is considered healthy for the economy.
* Moderate inflation (2-5%): A higher level of inflation that can be more challenging to manage, but still considered manageable.
* High inflation (above 5%): A high level of inflation that can have significant negative effects on the economy.

Overall, inflation is a complex and multifaceted phenomenon that requires careful management by policymakers to ensure economic stability and growth.","The actual answer correctly addresses the query by defining inflation as a sustained increase in the general price level of goods and services over time. However, it does not explicitly mention ""rising prices"" or ""reduced purchasing power,"" which are crucial aspects of the expected answer. The actual answer also provides more detailed information about the causes and effects of inflation, but this additional content is not directly relevant to the query.

The actual answer captures the same core meaning as the expected answer, but with some minor wording differences. It does provide a clear explanation of inflation, its causes, and its effects on the economy, which is beneficial for understanding the concept.

There are no factual errors or key omissions in the actual answer. The content is mostly relevant to the query, although it could be more concise and focused on the specific aspects mentioned in the expected answer.

Overall, while the actual answer provides a good overview of inflation, it does not perfectly match the expected answer due to the omission of key phrases and a slightly different wording style.","2026-04-01T07:20:35.2770421Z"
"definition_005","definitions","What is inflation in economics?","The rate at which the general level of prices for goods and services rises over time, reducing purchasing power",True,3,3,0.70,8.0,3,True,0.70,8,"In economics, inflation is a sustained increase in the general price level of goods and services in an economy over time. It is measured as an annual percentage increase in the Consumer Price Index (CPI), which is a basket of goods and services commonly purchased by households.

Inflation occurs when there is too much money circulating in the economy, causing demand to outstrip supply. This can lead to higher prices for goods and services, as businesses raise their prices to capture the excess demand and maintain profit margins.

There are several causes of inflation, including:

1. Monetary policy: An increase in the money supply, often caused by central banks printing more money or lowering interest rates, can lead to inflation.
2. Demand-pull inflation: When aggregate demand exceeds the available supply of goods and services, businesses raise their prices to capture the excess demand.
3. Cost-push inflation: Increases in production costs, such as higher wages or raw materials prices, can lead to higher prices for goods and services.
4. Supply-side shocks: Events such as natural disasters, wars, or global events can disrupt supply chains and lead to price increases.

The effects of inflation on the economy can be both positive and negative:

Positive effects:

* Inflation can stimulate economic growth by encouraging spending and investment.
* A moderate level of inflation can help reduce debt burdens, as the value of the debt decreases over time.

Negative effects:

* High inflation can erode the purchasing power of consumers, reducing their standard of living.
* Inflation can lead to higher interest rates, making borrowing more expensive.
* Inflation can create uncertainty and volatility in financial markets.

Central banks, such as the Federal Reserve in the United States, use monetary policy tools to manage inflation. They can increase interest rates to reduce demand and curb inflation, or lower interest rates to stimulate economic growth and reduce unemployment.

It's worth noting that there is a difference between:

* Low inflation (0-2%): A moderate level of inflation that is considered healthy for the economy.
* Moderate inflation (2-5%): A higher level of inflation that can be more challenging to manage, but still considered manageable.
* High inflation (above 5%): A high level of inflation that can have significant negative effects on the economy.

Overall, inflation is a complex and multifaceted phenomenon that requires careful management by policymakers to ensure economic stability and growth.","The actual answer correctly addresses the query by defining inflation as a sustained increase in the general price level of goods and services over time. However, it does not explicitly mention ""rising prices"" or ""reduced purchasing power,"" which are crucial aspects of the expected answer. The actual answer also provides more detailed information about the causes and effects of inflation, but this additional content is not directly relevant to the query.

The actual answer captures the same core meaning as the expected answer, but with some minor wording differences. It does provide a clear explanation of inflation, its causes, and its effects on the economy, which is beneficial for understanding the concept.

There are no factual errors or key omissions in the actual answer. The content is mostly relevant to the query, although it could be more concise and focused on the specific aspects mentioned in the expected answer.

Overall, while the actual answer provides a good overview of inflation, it does not perfectly match the expected answer due to the omission of key phrases and a slightly different wording style.","2026-04-01T07:23:33.5734810Z"
"definition_006","definitions","What is a hypothesis?","A proposed explanation for an observation that can be tested through further investigation or experimentation",False,0,3,0.80,7.0,1,False,0.80,7,"A hypothesis is an educated guess or a proposed explanation for a phenomenon or observation. It's a tentative statement that can be tested and verified through experimentation, data collection, or other forms of investigation.

In scientific research, a hypothesis is typically formulated based on observations, data, or prior knowledge. It provides a framework for understanding the underlying mechanisms or causes of a particular event or process.

A good hypothesis should have the following characteristics:

1. **Specificity**: A clear and concise statement that describes what you're trying to explain.
2. **Testability**: A hypothesis can be tested through experimentation, data collection, or other forms of investigation.
3. **Plausibility**: The hypothesis should be based on reasonable assumptions and evidence.
4. **Predictive power**: The hypothesis should make predictions about the outcome of an experiment or observation.

The purpose of a hypothesis is to:

1. **Explain** a phenomenon or observation
2. **Make predictions** about future events or outcomes
3. **Guide experimentation** and data collection

A well-crafted hypothesis can help researchers identify potential areas for investigation, test new ideas, and refine their understanding of the world.

Here's an example of a hypothesis:

""Plants grown in high levels of CO2 will have increased growth rates compared to plants grown in low levels of CO2.""

This hypothesis is specific, testable, and makes predictions about the outcome of an experiment.","The actual answer partially addresses the query, capturing the core meaning of a hypothesis but with some minor omissions and awkward phrasing. It correctly mentions that a hypothesis is an educated guess or proposed explanation for a phenomenon or observation, which aligns with the expected answer's definition. However, it lacks specificity and clarity in its description of key characteristics (testability, plausibility, predictive power) and purposes of a hypothesis.","2026-04-01T07:25:22.6624122Z"
"definition_006","definitions","What is a hypothesis?","A proposed explanation for an observation that can be tested through further investigation or experimentation",False,0,3,0.80,7.0,2,False,0.80,7,"A hypothesis is an educated guess or a proposed explanation for a phenomenon or observation. It's a tentative statement that can be tested and verified through experimentation, data collection, or other forms of investigation.

In scientific research, a hypothesis is typically formulated based on observations, data, or prior knowledge. It provides a framework for understanding the underlying mechanisms or causes of a particular event or process.

A good hypothesis should have the following characteristics:

1. **Specificity**: A clear and concise statement that describes what you're trying to explain.
2. **Testability**: A hypothesis can be tested through experimentation, data collection, or other forms of investigation.
3. **Plausibility**: The hypothesis should be based on reasonable assumptions and evidence.
4. **Predictive power**: The hypothesis should make predictions about the outcome of an experiment or observation.

The purpose of a hypothesis is to:

1. **Explain** a phenomenon or observation
2. **Make predictions** about future events or outcomes
3. **Guide experimentation** and data collection

A well-crafted hypothesis can help researchers identify potential areas for investigation, test new ideas, and refine their understanding of the world.

Here's an example of a hypothesis:

""Plants grown in high levels of CO2 will have increased growth rates compared to plants grown in low levels of CO2.""

This hypothesis is specific, testable, and makes predictions about the outcome of an experiment.","The actual answer partially addresses the query, capturing the core meaning of a hypothesis but with some minor omissions and awkward phrasing. It correctly mentions that a hypothesis is an educated guess or proposed explanation for a phenomenon or observation, which aligns with the expected answer's definition. However, it lacks specificity and clarity in its description of key characteristics (testability, plausibility, predictive power) and purposes of a hypothesis.","2026-04-01T07:27:09.0222677Z"
"definition_006","definitions","What is a hypothesis?","A proposed explanation for an observation that can be tested through further investigation or experimentation",False,0,3,0.80,7.0,3,False,0.80,7,"A hypothesis is an educated guess or a proposed explanation for a phenomenon or observation. It's a tentative statement that can be tested and verified through experimentation, data collection, or other forms of investigation.

In scientific research, a hypothesis is typically formulated based on observations, data, or prior knowledge. It provides a framework for understanding the underlying mechanisms or causes of a particular event or process.

A good hypothesis should have the following characteristics:

1. **Specificity**: A clear and concise statement that describes what you're trying to explain.
2. **Testability**: A hypothesis can be tested through experimentation, data collection, or other forms of investigation.
3. **Plausibility**: The hypothesis should be based on reasonable assumptions and evidence.
4. **Predictive power**: The hypothesis should make predictions about the outcome of an experiment or observation.

The purpose of a hypothesis is to:

1. **Explain** a phenomenon or observation
2. **Make predictions** about future events or outcomes
3. **Guide experimentation** and data collection

A well-crafted hypothesis can help researchers identify potential areas for investigation, test new ideas, and refine their understanding of the world.

Here's an example of a hypothesis:

""Plants grown in high levels of CO2 will have increased growth rates compared to plants grown in low levels of CO2.""

This hypothesis is specific, testable, and makes predictions about the outcome of an experiment.","The actual answer partially addresses the query, capturing the core meaning of a hypothesis but with some minor omissions and awkward phrasing. It correctly mentions that a hypothesis is an educated guess or proposed explanation for a phenomenon or observation, which aligns with the expected answer's definition. However, it lacks specificity and clarity in its description of key characteristics (testability, plausibility, predictive power) and purposes of a hypothesis.","2026-04-01T07:28:52.8823793Z"
"definition_007","definitions","Define osmosis","The movement of water molecules through a semipermeable membrane from an area of lower solute concentration to higher solute concentration",True,3,3,0.86,8.0,1,True,0.86,8,"Osmosis is the movement of water molecules from a region of high concentration to a region of low concentration through a selectively permeable membrane. This process helps to equalize the concentration of solutes on both sides of the membrane, allowing for the balance of fluids and maintaining cellular homeostasis.

In osmosis:

1. Water molecules move from an area with high water potential (high concentration) to an area with low water potential (low concentration).
2. The movement is driven by the concentration gradient, where water molecules flow from areas with more solutes to areas with fewer solutes.
3. The selectively permeable membrane allows certain substances to pass through while restricting others.

Osmosis plays a crucial role in various biological processes, such as:

* Maintaining cellular hydration and turgor pressure
* Regulating the balance of fluids within cells and tissues
* Aiding in the absorption and excretion of nutrients and waste products

There are two types of osmosis:

1. Isotonic osmosis: The movement of water molecules from an area with equal concentration to another area.
2. Hypotonic osmosis: The movement of water molecules from an area with lower concentration to an area with higher concentration.
3. Hypertonic osmosis: The movement of water molecules from an area with higher concentration to an area with lower concentration.

Understanding osmosis is essential in various fields, including biology, medicine, and engineering, as it helps explain many biological processes and phenomena.","The actual answer correctly addresses the query by defining osmosis as the movement of water molecules through a semipermeable membrane from an area of lower solute concentration to higher solute concentration. However, it uses the term ""high concentration"" instead of ""low concentration,"" which is a minor error. The answer also provides additional information on the process, its role in biological processes, and the types of osmosis, but this extra content is not directly relevant to the query.

The actual answer captures the same meaning as the expected answer, with some minor wording differences. There are no significant factual errors or key omissions that would detract from the overall accuracy of the response.

Overall, while the actual answer is mostly correct, it could benefit from more precise language and a clearer focus on addressing the query directly.","2026-04-01T07:30:59.0071489Z"
"definition_007","definitions","Define osmosis","The movement of water molecules through a semipermeable membrane from an area of lower solute concentration to higher solute concentration",True,3,3,0.86,8.0,2,True,0.86,8,"Osmosis is the movement of water molecules from a region of high concentration to a region of low concentration through a selectively permeable membrane. This process helps to equalize the concentration of solutes on both sides of the membrane, allowing for the balance of fluids and maintaining cellular homeostasis.

In osmosis:

1. Water molecules move from an area with high water potential (high concentration) to an area with low water potential (low concentration).
2. The movement is driven by the concentration gradient, where water molecules flow from areas with more solutes to areas with fewer solutes.
3. The selectively permeable membrane allows certain substances to pass through while restricting others.

Osmosis plays a crucial role in various biological processes, such as:

* Maintaining cellular hydration and turgor pressure
* Regulating the balance of fluids within cells and tissues
* Aiding in the absorption and excretion of nutrients and waste products

There are two types of osmosis:

1. Isotonic osmosis: The movement of water molecules from an area with equal concentration to another area.
2. Hypotonic osmosis: The movement of water molecules from an area with lower concentration to an area with higher concentration.
3. Hypertonic osmosis: The movement of water molecules from an area with higher concentration to an area with lower concentration.

Understanding osmosis is essential in various fields, including biology, medicine, and engineering, as it helps explain many biological processes and phenomena.","The actual answer correctly addresses the query by defining osmosis as the movement of water molecules through a semipermeable membrane from an area of lower solute concentration to higher solute concentration. However, it uses the term ""high concentration"" instead of ""low concentration,"" which is a minor error. The answer also provides additional information on the process, its role in biological processes, and the types of osmosis, but this extra content is not directly relevant to the query.

The actual answer captures the same meaning as the expected answer, with some minor wording differences. There are no significant factual errors or key omissions that would detract from the overall accuracy of the response.

Overall, while the actual answer is mostly correct, it could benefit from more precise language and a clearer focus on addressing the query directly.","2026-04-01T07:33:03.9613044Z"
"definition_007","definitions","Define osmosis","The movement of water molecules through a semipermeable membrane from an area of lower solute concentration to higher solute concentration",True,3,3,0.86,8.0,3,True,0.86,8,"Osmosis is the movement of water molecules from a region of high concentration to a region of low concentration through a selectively permeable membrane. This process helps to equalize the concentration of solutes on both sides of the membrane, allowing for the balance of fluids and maintaining cellular homeostasis.

In osmosis:

1. Water molecules move from an area with high water potential (high concentration) to an area with low water potential (low concentration).
2. The movement is driven by the concentration gradient, where water molecules flow from areas with more solutes to areas with fewer solutes.
3. The selectively permeable membrane allows certain substances to pass through while restricting others.

Osmosis plays a crucial role in various biological processes, such as:

* Maintaining cellular hydration and turgor pressure
* Regulating the balance of fluids within cells and tissues
* Aiding in the absorption and excretion of nutrients and waste products

There are two types of osmosis:

1. Isotonic osmosis: The movement of water molecules from an area with equal concentration to another area.
2. Hypotonic osmosis: The movement of water molecules from an area with lower concentration to an area with higher concentration.
3. Hypertonic osmosis: The movement of water molecules from an area with higher concentration to an area with lower concentration.

Understanding osmosis is essential in various fields, including biology, medicine, and engineering, as it helps explain many biological processes and phenomena.","The actual answer correctly addresses the query by defining osmosis as the movement of water molecules through a semipermeable membrane from an area of lower solute concentration to higher solute concentration. However, it uses the term ""high concentration"" instead of ""low concentration,"" which is a minor error. The answer also provides additional information on the process, its role in biological processes, and the types of osmosis, but this extra content is not directly relevant to the query.

The actual answer captures the same meaning as the expected answer, with some minor wording differences. There are no significant factual errors or key omissions that would detract from the overall accuracy of the response.

Overall, while the actual answer is mostly correct, it could benefit from more precise language and a clearer focus on addressing the query directly.","2026-04-01T07:35:06.8391936Z"
"definition_008","definitions","What is artificial intelligence?","The simulation of human intelligence processes by computer systems, including learning, reasoning, and problem-solving",True,3,3,0.80,8.0,1,True,0.80,8,"Artificial intelligence (AI) refers to the development of computer systems that can perform tasks that typically require human intelligence, such as:

1. Learning: AI systems can learn from data and improve their performance over time.
2. Problem-solving: AI systems can analyze problems and find solutions using algorithms and techniques.
3. Reasoning: AI systems can draw conclusions based on the information they have been trained on.
4. Perception: AI systems can interpret and understand data from sensors, such as images and speech.

AI systems are designed to mimic human intelligence by using complex algorithms and machine learning techniques to process and analyze large amounts of data. The goal of AI is to create machines that can think and act like humans, making it easier for people to interact with technology and automate tasks.

There are several types of AI, including:

1. Narrow or weak AI: This type of AI is designed to perform a specific task, such as facial recognition or language translation.
2. General or strong AI: This type of AI is designed to perform any intellectual task that humans can, and is still a subject of ongoing research and development.
3. Superintelligence: This type of AI is significantly more intelligent than the best human minds, and has the potential to solve complex problems that are currently unsolvable.

AI has many applications in various fields, including:

1. Virtual assistants: AI-powered virtual assistants, such as Siri, Alexa, and Google Assistant, can perform tasks such as answering questions, setting reminders, and controlling smart home devices.
2. Image recognition: AI-powered image recognition systems can identify objects, people, and patterns in images.
3. Natural language processing: AI-powered natural language processing systems can understand and generate human language.
4. Healthcare: AI is being used to analyze medical data, diagnose diseases, and develop personalized treatment plans.

Overall, artificial intelligence has the potential to revolutionize many aspects of our lives, from how we interact with technology to how we approach complex problems in fields such as healthcare and education.","The actual answer correctly addresses the query by providing a comprehensive definition of artificial intelligence. It captures the same meaning as the expected answer, explaining that AI refers to the simulation of human intelligence processes by computer systems. However, there are some minor wording differences and additional details that deviate from the expected answer.

For example, the actual answer provides more specific examples of AI applications, such as virtual assistants, image recognition, and natural language processing, which are not mentioned in the expected answer. Additionally, the actual answer includes a broader discussion on the types of AI, their potential, and their applications, which is not present in the expected answer.

Despite these minor differences, the overall meaning and core content of the actual answer remain largely consistent with the expected answer. Therefore, I would assign a score of 8 out of 10, as it is very good but not perfect due to some minor deviations from the expected answer.","2026-04-01T07:37:42.2480468Z"
"definition_008","definitions","What is artificial intelligence?","The simulation of human intelligence processes by computer systems, including learning, reasoning, and problem-solving",True,3,3,0.80,8.0,2,True,0.80,8,"Artificial intelligence (AI) refers to the development of computer systems that can perform tasks that typically require human intelligence, such as:

1. Learning: AI systems can learn from data and improve their performance over time.
2. Problem-solving: AI systems can analyze problems and find solutions using algorithms and techniques.
3. Reasoning: AI systems can draw conclusions based on the information they have been trained on.
4. Perception: AI systems can interpret and understand data from sensors, such as images and speech.

AI systems are designed to mimic human intelligence by using complex algorithms and machine learning techniques to process and analyze large amounts of data. The goal of AI is to create machines that can think and act like humans, making it easier for people to interact with technology and automate tasks.

There are several types of AI, including:

1. Narrow or weak AI: This type of AI is designed to perform a specific task, such as facial recognition or language translation.
2. General or strong AI: This type of AI is designed to perform any intellectual task that humans can, and is still a subject of ongoing research and development.
3. Superintelligence: This type of AI is significantly more intelligent than the best human minds, and has the potential to solve complex problems that are currently unsolvable.

AI has many applications in various fields, including:

1. Virtual assistants: AI-powered virtual assistants, such as Siri, Alexa, and Google Assistant, can perform tasks such as answering questions, setting reminders, and controlling smart home devices.
2. Image recognition: AI-powered image recognition systems can identify objects, people, and patterns in images.
3. Natural language processing: AI-powered natural language processing systems can understand and generate human language.
4. Healthcare: AI is being used to analyze medical data, diagnose diseases, and develop personalized treatment plans.

Overall, artificial intelligence has the potential to revolutionize many aspects of our lives, from how we interact with technology to how we approach complex problems in fields such as healthcare and education.","The actual answer correctly addresses the query by providing a comprehensive definition of artificial intelligence. It captures the same meaning as the expected answer, explaining that AI refers to the simulation of human intelligence processes by computer systems. However, there are some minor wording differences and additional details that deviate from the expected answer.

For example, the actual answer provides more specific examples of AI applications, such as virtual assistants, image recognition, and natural language processing, which are not mentioned in the expected answer. Additionally, the actual answer includes a broader discussion on the types of AI, their potential, and their applications, which is not present in the expected answer.

Despite these minor differences, the overall meaning and core content of the actual answer remain largely consistent with the expected answer. Therefore, I would assign a score of 8 out of 10, as it is very good but not perfect due to some minor deviations from the expected answer.","2026-04-01T07:40:15.0727272Z"
"definition_008","definitions","What is artificial intelligence?","The simulation of human intelligence processes by computer systems, including learning, reasoning, and problem-solving",True,3,3,0.80,8.0,3,True,0.80,8,"Artificial intelligence (AI) refers to the development of computer systems that can perform tasks that typically require human intelligence, such as:

1. Learning: AI systems can learn from data and improve their performance over time.
2. Problem-solving: AI systems can analyze problems and find solutions using algorithms and techniques.
3. Reasoning: AI systems can draw conclusions based on the information they have been trained on.
4. Perception: AI systems can interpret and understand data from sensors, such as images and speech.

AI systems are designed to mimic human intelligence by using complex algorithms and machine learning techniques to process and analyze large amounts of data. The goal of AI is to create machines that can think and act like humans, making it easier for people to interact with technology and automate tasks.

There are several types of AI, including:

1. Narrow or weak AI: This type of AI is designed to perform a specific task, such as facial recognition or language translation.
2. General or strong AI: This type of AI is designed to perform any intellectual task that humans can, and is still a subject of ongoing research and development.
3. Superintelligence: This type of AI is significantly more intelligent than the best human minds, and has the potential to solve complex problems that are currently unsolvable.

AI has many applications in various fields, including:

1. Virtual assistants: AI-powered virtual assistants, such as Siri, Alexa, and Google Assistant, can perform tasks such as answering questions, setting reminders, and controlling smart home devices.
2. Image recognition: AI-powered image recognition systems can identify objects, people, and patterns in images.
3. Natural language processing: AI-powered natural language processing systems can understand and generate human language.
4. Healthcare: AI is being used to analyze medical data, diagnose diseases, and develop personalized treatment plans.

Overall, artificial intelligence has the potential to revolutionize many aspects of our lives, from how we interact with technology to how we approach complex problems in fields such as healthcare and education.","The actual answer correctly addresses the query by providing a comprehensive definition of artificial intelligence. It captures the same meaning as the expected answer, explaining that AI refers to the simulation of human intelligence processes by computer systems. However, there are some minor wording differences and additional details that deviate from the expected answer.

For example, the actual answer provides more specific examples of AI applications, such as virtual assistants, image recognition, and natural language processing, which are not mentioned in the expected answer. Additionally, the actual answer includes a broader discussion on the types of AI, their potential, and their applications, which is not present in the expected answer.

Despite these minor differences, the overall meaning and core content of the actual answer remain largely consistent with the expected answer. Therefore, I would assign a score of 8 out of 10, as it is very good but not perfect due to some minor deviations from the expected answer.","2026-04-01T07:42:44.2665047Z"
"definition_009","definitions","What is a synonym?","A word that has the same or nearly the same meaning as another word",True,3,3,0.76,8.0,1,True,0.76,8,"A synonym is a word that has the same or nearly the same meaning as another word. In other words, synonyms are words that can be used interchangeably to convey the same idea or concept.

For example:

* Big and large are synonyms because they both describe something of a significant size.
* Happy and joyful are synonyms because they both describe a positive emotional state.
* Fast and quick are synonyms because they both describe something that moves or happens rapidly.

Using synonyms can help add variety to your language, make your writing more interesting, and avoid repetition.","The actual answer correctly addresses the query by providing a clear definition of synonyms and offering examples to illustrate their usage. However, it slightly deviates from the expected answer in terms of wording, using the phrase ""convey the same idea or concept"" instead of simply stating that synonyms have the same meaning as another word.

Despite this minor difference, the actual answer captures the core meaning of the query and provides relevant examples to support its claim. The inclusion of additional information about using synonyms to add variety to language and avoid repetition is also a positive aspect of the response.

Overall, while the actual answer is not perfectly identical to the expected answer in terms of wording, it conveys the same essential meaning and provides sufficient context to be considered acceptable.","2026-04-01T07:43:52.6344425Z"
"definition_009","definitions","What is a synonym?","A word that has the same or nearly the same meaning as another word",True,3,3,0.76,8.0,2,True,0.76,8,"A synonym is a word that has the same or nearly the same meaning as another word. In other words, synonyms are words that can be used interchangeably to convey the same idea or concept.

For example:

* Big and large are synonyms because they both describe something of a significant size.
* Happy and joyful are synonyms because they both describe a positive emotional state.
* Fast and quick are synonyms because they both describe something that moves or happens rapidly.

Using synonyms can help add variety to your language, make your writing more interesting, and avoid repetition.","The actual answer correctly addresses the query by providing a clear definition of synonyms and offering examples to illustrate their usage. However, it slightly deviates from the expected answer in terms of wording, using the phrase ""convey the same idea or concept"" instead of simply stating that synonyms have the same meaning as another word.

Despite this minor difference, the actual answer captures the core meaning of the query and provides relevant examples to support its claim. The inclusion of additional information about using synonyms to add variety to language and avoid repetition is also a positive aspect of the response.

Overall, while the actual answer is not perfectly identical to the expected answer in terms of wording, it conveys the same essential meaning and provides sufficient context to be considered acceptable.","2026-04-01T07:45:02.1802068Z"
"definition_009","definitions","What is a synonym?","A word that has the same or nearly the same meaning as another word",True,3,3,0.76,8.0,3,True,0.76,8,"A synonym is a word that has the same or nearly the same meaning as another word. In other words, synonyms are words that can be used interchangeably to convey the same idea or concept.

For example:

* Big and large are synonyms because they both describe something of a significant size.
* Happy and joyful are synonyms because they both describe a positive emotional state.
* Fast and quick are synonyms because they both describe something that moves or happens rapidly.

Using synonyms can help add variety to your language, make your writing more interesting, and avoid repetition.","The actual answer correctly addresses the query by providing a clear definition of synonyms and offering examples to illustrate their usage. However, it slightly deviates from the expected answer in terms of wording, using the phrase ""convey the same idea or concept"" instead of simply stating that synonyms have the same meaning as another word.

Despite this minor difference, the actual answer captures the core meaning of the query and provides relevant examples to support its claim. The inclusion of additional information about using synonyms to add variety to language and avoid repetition is also a positive aspect of the response.

Overall, while the actual answer is not perfectly identical to the expected answer in terms of wording, it conveys the same essential meaning and provides sufficient context to be considered acceptable.","2026-04-01T07:46:10.3941366Z"
"definition_010","definitions","Define metabolism","The set of chemical processes that occur in living organisms to maintain life, including converting food to energy",False,0,3,0.83,7.0,1,False,0.83,7,"Metabolism is the process by which the body converts food into energy and the raw materials needed for growth, maintenance, and repair of cells. It involves a series of chemical reactions that occur within the cells of the body, where nutrients from the food we eat are broken down and converted into energy, carbon dioxide, water, and other waste products.

Metabolism can be divided into two main categories:

1. Catabolism: This is the process of breaking down complex molecules (such as carbohydrates, proteins, and fats) into simpler ones, releasing energy in the process.
2. Anabolism: This is the process of building new molecules from simpler ones, using energy to construct tissues, repair damaged cells, and grow.

The overall goal of metabolism is to maintain homeostasis, or a stable internal environment, by regulating the levels of nutrients, hormones, and other substances in the body.

Some key aspects of metabolism include:

* Energy production: Metabolism produces energy for the body through the breakdown of nutrients.
* Nutrient utilization: Metabolism uses nutrients from food to build and repair tissues.
* Waste removal: Metabolism eliminates waste products, such as carbon dioxide and water, from the body.
* Hormone regulation: Metabolism is influenced by hormones, which help regulate energy production, growth, and development.

Overall, metabolism is a complex process that plays a vital role in maintaining the health and function of the human body.","The actual answer correctly addresses the query by defining metabolism as a set of chemical processes that occur in living organisms to maintain life. However, it does not capture the same meaning as the expected answer, as it omits the phrase ""converting food to energy"" and instead focuses on the overall goal of maintaining homeostasis. The actual answer also includes additional information about catabolism, anabolism, and hormone regulation, which is not present in the expected answer.

The actual answer does mention chemical processes and energy in living organisms, but it could be improved by providing a more concise definition that directly addresses the query.","2026-04-01T07:48:03.0082527Z"
"definition_010","definitions","Define metabolism","The set of chemical processes that occur in living organisms to maintain life, including converting food to energy",False,0,3,0.83,7.0,2,False,0.83,7,"Metabolism is the process by which the body converts food into energy and the raw materials needed for growth, maintenance, and repair of cells. It involves a series of chemical reactions that occur within the cells of the body, where nutrients from the food we eat are broken down and converted into energy, carbon dioxide, water, and other waste products.

Metabolism can be divided into two main categories:

1. Catabolism: This is the process of breaking down complex molecules (such as carbohydrates, proteins, and fats) into simpler ones, releasing energy in the process.
2. Anabolism: This is the process of building new molecules from simpler ones, using energy to construct tissues, repair damaged cells, and grow.

The overall goal of metabolism is to maintain homeostasis, or a stable internal environment, by regulating the levels of nutrients, hormones, and other substances in the body.

Some key aspects of metabolism include:

* Energy production: Metabolism produces energy for the body through the breakdown of nutrients.
* Nutrient utilization: Metabolism uses nutrients from food to build and repair tissues.
* Waste removal: Metabolism eliminates waste products, such as carbon dioxide and water, from the body.
* Hormone regulation: Metabolism is influenced by hormones, which help regulate energy production, growth, and development.

Overall, metabolism is a complex process that plays a vital role in maintaining the health and function of the human body.","The actual answer correctly addresses the query by defining metabolism as a set of chemical processes that occur in living organisms to maintain life. However, it does not capture the same meaning as the expected answer, as it omits the phrase ""converting food to energy"" and instead focuses on the overall goal of maintaining homeostasis. The actual answer also includes additional information about catabolism, anabolism, and hormone regulation, which is not present in the expected answer.

The actual answer does mention chemical processes and energy in living organisms, but it could be improved by providing a more concise definition that directly addresses the query.","2026-04-01T07:49:55.5195629Z"
"definition_010","definitions","Define metabolism","The set of chemical processes that occur in living organisms to maintain life, including converting food to energy",False,0,3,0.83,7.0,3,False,0.83,7,"Metabolism is the process by which the body converts food into energy and the raw materials needed for growth, maintenance, and repair of cells. It involves a series of chemical reactions that occur within the cells of the body, where nutrients from the food we eat are broken down and converted into energy, carbon dioxide, water, and other waste products.

Metabolism can be divided into two main categories:

1. Catabolism: This is the process of breaking down complex molecules (such as carbohydrates, proteins, and fats) into simpler ones, releasing energy in the process.
2. Anabolism: This is the process of building new molecules from simpler ones, using energy to construct tissues, repair damaged cells, and grow.

The overall goal of metabolism is to maintain homeostasis, or a stable internal environment, by regulating the levels of nutrients, hormones, and other substances in the body.

Some key aspects of metabolism include:

* Energy production: Metabolism produces energy for the body through the breakdown of nutrients.
* Nutrient utilization: Metabolism uses nutrients from food to build and repair tissues.
* Waste removal: Metabolism eliminates waste products, such as carbon dioxide and water, from the body.
* Hormone regulation: Metabolism is influenced by hormones, which help regulate energy production, growth, and development.

Overall, metabolism is a complex process that plays a vital role in maintaining the health and function of the human body.","The actual answer correctly addresses the query by defining metabolism as a set of chemical processes that occur in living organisms to maintain life. However, it does not capture the same meaning as the expected answer, as it omits the phrase ""converting food to energy"" and instead focuses on the overall goal of maintaining homeostasis. The actual answer also includes additional information about catabolism, anabolism, and hormone regulation, which is not present in the expected answer.

The actual answer does mention chemical processes and energy in living organisms, but it could be improved by providing a more concise definition that directly addresses the query.","2026-04-01T07:51:47.7968097Z"
"science_002","science","What is Newton's first law of motion?","An object at rest stays at rest, and an object in motion stays in motion, unless acted upon by an external force",True,3,3,0.86,8.0,1,True,0.86,8,"Newton's First Law of Motion, also known as the Law of Inertia, states that:

""An object at rest will remain at rest, and an object in motion will continue to move with a constant velocity, unless acted upon by an external force.""

In other words, an object will maintain its state of motion unless a force is applied to it. This law applies to all objects, regardless of their mass or size.

For example, if you roll a ball across the floor, it will keep rolling until something (like friction) slows it down or stops it. If you place a book on a table and don't push it, it will stay there unless an external force (like gravity or air resistance) acts upon it to make it move.

This law is often summarized as ""inertia"" - the tendency of an object to resist changes in its motion.","The actual answer correctly addresses the query by explaining Newton's First Law of Motion and its core concept. It captures the same meaning as the expected answer, stating that an object will maintain its state of motion unless a force is applied to it. However, there are some minor wording differences between the two answers. The actual answer provides additional examples and elaborates on the concept of ""inertia,"" which is not present in the expected answer.

The only factual error or omission in the actual answer is the use of the phrase ""tendency of an object to resist changes in its motion"" as a summary, whereas the expected answer simply states that objects continue their state unless acted upon by an external force. Despite this minor difference, the overall content and meaning of the two answers are very similar.

Overall, I would rate the actual answer as ""Very good,"" given its mostly correct but slightly awkward phrasing.","2026-04-01T07:53:21.7337219Z"
"science_002","science","What is Newton's first law of motion?","An object at rest stays at rest, and an object in motion stays in motion, unless acted upon by an external force",True,3,3,0.86,8.0,2,True,0.86,8,"Newton's First Law of Motion, also known as the Law of Inertia, states that:

""An object at rest will remain at rest, and an object in motion will continue to move with a constant velocity, unless acted upon by an external force.""

In other words, an object will maintain its state of motion unless a force is applied to it. This law applies to all objects, regardless of their mass or size.

For example, if you roll a ball across the floor, it will keep rolling until something (like friction) slows it down or stops it. If you place a book on a table and don't push it, it will stay there unless an external force (like gravity or air resistance) acts upon it to make it move.

This law is often summarized as ""inertia"" - the tendency of an object to resist changes in its motion.","The actual answer correctly addresses the query by explaining Newton's First Law of Motion and its core concept. It captures the same meaning as the expected answer, stating that an object will maintain its state of motion unless a force is applied to it. However, there are some minor wording differences between the two answers. The actual answer provides additional examples and elaborates on the concept of ""inertia,"" which is not present in the expected answer.

The only factual error or omission in the actual answer is the use of the phrase ""tendency of an object to resist changes in its motion"" as a summary, whereas the expected answer simply states that objects continue their state unless acted upon by an external force. Despite this minor difference, the overall content and meaning of the two answers are very similar.

Overall, I would rate the actual answer as ""Very good,"" given its mostly correct but slightly awkward phrasing.","2026-04-01T07:54:54.9989911Z"
"science_002","science","What is Newton's first law of motion?","An object at rest stays at rest, and an object in motion stays in motion, unless acted upon by an external force",True,3,3,0.86,8.0,3,True,0.86,8,"Newton's First Law of Motion, also known as the Law of Inertia, states that:

""An object at rest will remain at rest, and an object in motion will continue to move with a constant velocity, unless acted upon by an external force.""

In other words, an object will maintain its state of motion unless a force is applied to it. This law applies to all objects, regardless of their mass or size.

For example, if you roll a ball across the floor, it will keep rolling until something (like friction) slows it down or stops it. If you place a book on a table and don't push it, it will stay there unless an external force (like gravity or air resistance) acts upon it to make it move.

This law is often summarized as ""inertia"" - the tendency of an object to resist changes in its motion.","The actual answer correctly addresses the query by explaining Newton's First Law of Motion and its core concept. It captures the same meaning as the expected answer, stating that an object will maintain its state of motion unless a force is applied to it. However, there are some minor wording differences between the two answers. The actual answer provides additional examples and elaborates on the concept of ""inertia,"" which is not present in the expected answer.

The only factual error or omission in the actual answer is the use of the phrase ""tendency of an object to resist changes in its motion"" as a summary, whereas the expected answer simply states that objects continue their state unless acted upon by an external force. Despite this minor difference, the overall content and meaning of the two answers are very similar.

Overall, I would rate the actual answer as ""Very good,"" given its mostly correct but slightly awkward phrasing.","2026-04-01T07:56:26.5521770Z"
"science_001","science","What is the speed of light in a vacuum?","approximately 299,792,458 metres per second",True,3,3,0.72,8.0,1,True,0.72,8,"The speed of light in a vacuum is approximately 299,792,458 meters per second (m/s) or about 186,282 miles per second. This value is a fundamental constant of nature and is denoted by the letter c in physics equations. It's worth noting that this speed is a universal constant, meaning it remains the same for all observers, regardless of their relative motion or position in the universe.","Step 1 — Reason step by step:

The actual answer correctly addresses the query by providing the speed of light in a vacuum. It captures the same meaning as the expected answer, stating the value in both meters per second and miles per second. However, there is an unnecessary detail about the letter ""c"" being used to denote this constant in physics equations, which is not relevant to the core question.

The actual answer also includes a note that the speed of light remains the same for all observers, regardless of their relative motion or position in the universe. While this information is true and related to the concept of the speed of light, it does not directly address the query about the speed of light in a vacuum.

Overall, the actual answer provides mostly correct information but includes some unnecessary details and tangential information that could be considered irrelevant to the core question.

Step 2 — Assign a score:","2026-04-01T07:57:36.8624157Z"
"science_001","science","What is the speed of light in a vacuum?","approximately 299,792,458 metres per second",True,3,3,0.72,8.0,2,True,0.72,8,"The speed of light in a vacuum is approximately 299,792,458 meters per second (m/s) or about 186,282 miles per second. This value is a fundamental constant of nature and is denoted by the letter c in physics equations. It's worth noting that this speed is a universal constant, meaning it remains the same for all observers, regardless of their relative motion or position in the universe.","Step 1 — Reason step by step:

The actual answer correctly addresses the query by providing the speed of light in a vacuum. It captures the same meaning as the expected answer, stating the value in both meters per second and miles per second. However, there is an unnecessary detail about the letter ""c"" being used to denote this constant in physics equations, which is not relevant to the core question.

The actual answer also includes a note that the speed of light remains the same for all observers, regardless of their relative motion or position in the universe. While this information is true and related to the concept of the speed of light, it does not directly address the query about the speed of light in a vacuum.

Overall, the actual answer provides mostly correct information but includes some unnecessary details and tangential information that could be considered irrelevant to the core question.

Step 2 — Assign a score:","2026-04-01T07:58:46.9865972Z"
"science_001","science","What is the speed of light in a vacuum?","approximately 299,792,458 metres per second",True,3,3,0.72,8.0,3,True,0.72,8,"The speed of light in a vacuum is approximately 299,792,458 meters per second (m/s) or about 186,282 miles per second. This value is a fundamental constant of nature and is denoted by the letter c in physics equations. It's worth noting that this speed is a universal constant, meaning it remains the same for all observers, regardless of their relative motion or position in the universe.","Step 1 — Reason step by step:

The actual answer correctly addresses the query by providing the speed of light in a vacuum. It captures the same meaning as the expected answer, stating the value in both meters per second and miles per second. However, there is an unnecessary detail about the letter ""c"" being used to denote this constant in physics equations, which is not relevant to the core question.

The actual answer also includes a note that the speed of light remains the same for all observers, regardless of their relative motion or position in the universe. While this information is true and related to the concept of the speed of light, it does not directly address the query about the speed of light in a vacuum.

Overall, the actual answer provides mostly correct information but includes some unnecessary details and tangential information that could be considered irrelevant to the core question.

Step 2 — Assign a score:","2026-04-01T07:59:58.7599686Z"
"science_004","science","What gas do plants absorb during photosynthesis?","Carbon dioxide",True,3,3,0.66,9.0,1,True,0.66,9,"During photosynthesis, plants absorb carbon dioxide (CO2) from the air. They use energy from sunlight to convert CO2 and water into glucose and oxygen. The equation for photosynthesis is:

6 CO2 + 6 H2O + light energy → C6H12O6 (glucose) + 6 O2

So, plants absorb carbon dioxide as a key component of the photosynthetic process.","Step 1 — Reason step by step:

The actual answer correctly addresses the query by identifying carbon dioxide as the gas absorbed during photosynthesis. The response captures the same meaning as the expected answer, providing a clear explanation of the process and its equation. However, there is a minor issue with the wording; the phrase ""as a key component"" could be rephrased for better clarity. Overall, the response is accurate and effectively conveys the essential information.

Step 2 — Assign a score:

The actual answer correctly identifies carbon dioxide as the gas absorbed during photosynthesis, capturing the same meaning as the expected answer. While there's a minor issue with wording, it does not significantly impact the overall accuracy or clarity of the response. Therefore, I would assign a score of 9 out of 10.","2026-04-01T08:01:05.5850676Z"
"science_004","science","What gas do plants absorb during photosynthesis?","Carbon dioxide",True,3,3,0.66,9.0,2,True,0.66,9,"During photosynthesis, plants absorb carbon dioxide (CO2) from the air. They use energy from sunlight to convert CO2 and water into glucose and oxygen. The equation for photosynthesis is:

6 CO2 + 6 H2O + light energy → C6H12O6 (glucose) + 6 O2

So, plants absorb carbon dioxide as a key component of the photosynthetic process.","Step 1 — Reason step by step:

The actual answer correctly addresses the query by identifying carbon dioxide as the gas absorbed during photosynthesis. The response captures the same meaning as the expected answer, providing a clear explanation of the process and its equation. However, there is a minor issue with the wording; the phrase ""as a key component"" could be rephrased for better clarity. Overall, the response is accurate and effectively conveys the essential information.

Step 2 — Assign a score:

The actual answer correctly identifies carbon dioxide as the gas absorbed during photosynthesis, capturing the same meaning as the expected answer. While there's a minor issue with wording, it does not significantly impact the overall accuracy or clarity of the response. Therefore, I would assign a score of 9 out of 10.","2026-04-01T08:02:11.8325631Z"
"science_004","science","What gas do plants absorb during photosynthesis?","Carbon dioxide",True,3,3,0.66,9.0,3,True,0.66,9,"During photosynthesis, plants absorb carbon dioxide (CO2) from the air. They use energy from sunlight to convert CO2 and water into glucose and oxygen. The equation for photosynthesis is:

6 CO2 + 6 H2O + light energy → C6H12O6 (glucose) + 6 O2

So, plants absorb carbon dioxide as a key component of the photosynthetic process.","Step 1 — Reason step by step:

The actual answer correctly addresses the query by identifying carbon dioxide as the gas absorbed during photosynthesis. The response captures the same meaning as the expected answer, providing a clear explanation of the process and its equation. However, there is a minor issue with the wording; the phrase ""as a key component"" could be rephrased for better clarity. Overall, the response is accurate and effectively conveys the essential information.

Step 2 — Assign a score:

The actual answer correctly identifies carbon dioxide as the gas absorbed during photosynthesis, capturing the same meaning as the expected answer. While there's a minor issue with wording, it does not significantly impact the overall accuracy or clarity of the response. Therefore, I would assign a score of 9 out of 10.","2026-04-01T08:03:17.4154573Z"
"science_005","science","What is the powerhouse of the cell?","The mitochondria",True,3,3,0.78,8.0,1,True,0.78,8,"The powerhouse of the cell is the mitochondria. Mitochondria are organelles found in the cells of most eukaryotes, including animals, plants, and fungi. They generate energy for the cell through a process called cellular respiration, which involves the breakdown of glucose and other organic molecules to produce ATP (adenosine triphosphate), the primary energy currency of the cell.

Mitochondria are often referred to as the ""powerhouses"" of the cell because they produce most of the energy that the cell needs to function. They have their own DNA, known as mtDNA, which codes for some of the proteins involved in energy production. Mitochondria also have a unique structure, with two membranes and a matrix, where the energy-producing reactions take place.

In short, mitochondria are the cells' powerhouses, responsible for generating the energy that keeps the cell alive and functioning properly!","The actual answer correctly addresses the query by identifying the mitochondria as the ""powerhouse of the cell"". It captures the same meaning as the expected answer, conveying that mitochondria are responsible for generating energy through cellular respiration. The response is factually accurate, mentioning the role of mitochondria in producing ATP and their unique structure. However, there is a minor issue with the wording, as the phrase ""in short"" seems somewhat informal for an educational context.

The actual answer also provides additional relevant information about mitochondria's DNA, structure, and function, which enhances its overall quality. Nevertheless, it could be improved by providing more concise and direct language to match the expected answer's simplicity.

Overall, the response is mostly correct but slightly awkward in tone and phrasing.","2026-04-01T08:04:47.1559064Z"
"science_005","science","What is the powerhouse of the cell?","The mitochondria",True,3,3,0.78,8.0,2,True,0.78,8,"The powerhouse of the cell is the mitochondria. Mitochondria are organelles found in the cells of most eukaryotes, including animals, plants, and fungi. They generate energy for the cell through a process called cellular respiration, which involves the breakdown of glucose and other organic molecules to produce ATP (adenosine triphosphate), the primary energy currency of the cell.

Mitochondria are often referred to as the ""powerhouses"" of the cell because they produce most of the energy that the cell needs to function. They have their own DNA, known as mtDNA, which codes for some of the proteins involved in energy production. Mitochondria also have a unique structure, with two membranes and a matrix, where the energy-producing reactions take place.

In short, mitochondria are the cells' powerhouses, responsible for generating the energy that keeps the cell alive and functioning properly!","The actual answer correctly addresses the query by identifying the mitochondria as the ""powerhouse of the cell"". It captures the same meaning as the expected answer, conveying that mitochondria are responsible for generating energy through cellular respiration. The response is factually accurate, mentioning the role of mitochondria in producing ATP and their unique structure. However, there is a minor issue with the wording, as the phrase ""in short"" seems somewhat informal for an educational context.

The actual answer also provides additional relevant information about mitochondria's DNA, structure, and function, which enhances its overall quality. Nevertheless, it could be improved by providing more concise and direct language to match the expected answer's simplicity.

Overall, the response is mostly correct but slightly awkward in tone and phrasing.","2026-04-01T08:06:17.7339135Z"
"science_005","science","What is the powerhouse of the cell?","The mitochondria",True,3,3,0.78,8.0,3,True,0.78,8,"The powerhouse of the cell is the mitochondria. Mitochondria are organelles found in the cells of most eukaryotes, including animals, plants, and fungi. They generate energy for the cell through a process called cellular respiration, which involves the breakdown of glucose and other organic molecules to produce ATP (adenosine triphosphate), the primary energy currency of the cell.

Mitochondria are often referred to as the ""powerhouses"" of the cell because they produce most of the energy that the cell needs to function. They have their own DNA, known as mtDNA, which codes for some of the proteins involved in energy production. Mitochondria also have a unique structure, with two membranes and a matrix, where the energy-producing reactions take place.

In short, mitochondria are the cells' powerhouses, responsible for generating the energy that keeps the cell alive and functioning properly!","The actual answer correctly addresses the query by identifying the mitochondria as the ""powerhouse of the cell"". It captures the same meaning as the expected answer, conveying that mitochondria are responsible for generating energy through cellular respiration. The response is factually accurate, mentioning the role of mitochondria in producing ATP and their unique structure. However, there is a minor issue with the wording, as the phrase ""in short"" seems somewhat informal for an educational context.

The actual answer also provides additional relevant information about mitochondria's DNA, structure, and function, which enhances its overall quality. Nevertheless, it could be improved by providing more concise and direct language to match the expected answer's simplicity.

Overall, the response is mostly correct but slightly awkward in tone and phrasing.","2026-04-01T08:07:44.7506303Z"
"science_012","science","What type of energy does the Sun primarily produce?","Nuclear energy through fusion",True,3,3,0.76,9.0,1,True,0.76,9,"The Sun primarily produces nuclear energy, specifically through a process called nuclear fusion. This is where hydrogen atoms are fused together to form helium, releasing vast amounts of energy in the process. This energy is then radiated out into space as electromagnetic radiation, including visible light and ultraviolet (UV) radiation.

In more detail, the Sun's core is incredibly hot, with temperatures reaching over 15 million degrees Celsius (27 million degrees Fahrenheit). At these extreme temperatures, hydrogen nuclei (protons) are accelerated to high speeds and collide with each other, forming helium nuclei. This process releases a tremendous amount of energy in the form of heat and light.

The Sun's nuclear fusion reactions are responsible for its incredible luminosity and make it the primary source of energy for our solar system.","Step 1 — Reason step by step:

The actual answer correctly addresses the query by stating that the Sun primarily produces nuclear energy through fusion. It accurately captures the same meaning as the expected answer, providing a clear explanation of the process and its significance. The response also includes relevant details about the extreme temperatures in the Sun's core and the formation of helium nuclei, which is not present in the expected answer.

However, there are some minor wording differences between the actual and expected answers. The expected answer uses simpler language, stating that the Sun produces nuclear energy ""through a process called nuclear fusion."" In contrast, the actual answer provides more technical details about the process, using phrases like ""hydrogen nuclei (protons) are accelerated to high speeds"" and ""forming helium nuclei.""

Overall, the actual answer is mostly correct but could benefit from some minor adjustments in wording to make it semantically identical to the expected answer.

Step 2 — Assign a score:","2026-04-01T08:09:10.0726822Z"
"science_012","science","What type of energy does the Sun primarily produce?","Nuclear energy through fusion",True,3,3,0.76,9.0,2,True,0.76,9,"The Sun primarily produces nuclear energy, specifically through a process called nuclear fusion. This is where hydrogen atoms are fused together to form helium, releasing vast amounts of energy in the process. This energy is then radiated out into space as electromagnetic radiation, including visible light and ultraviolet (UV) radiation.

In more detail, the Sun's core is incredibly hot, with temperatures reaching over 15 million degrees Celsius (27 million degrees Fahrenheit). At these extreme temperatures, hydrogen nuclei (protons) are accelerated to high speeds and collide with each other, forming helium nuclei. This process releases a tremendous amount of energy in the form of heat and light.

The Sun's nuclear fusion reactions are responsible for its incredible luminosity and make it the primary source of energy for our solar system.","Step 1 — Reason step by step:

The actual answer correctly addresses the query by stating that the Sun primarily produces nuclear energy through fusion. It accurately captures the same meaning as the expected answer, providing a clear explanation of the process and its significance. The response also includes relevant details about the extreme temperatures in the Sun's core and the formation of helium nuclei, which is not present in the expected answer.

However, there are some minor wording differences between the actual and expected answers. The expected answer uses simpler language, stating that the Sun produces nuclear energy ""through a process called nuclear fusion."" In contrast, the actual answer provides more technical details about the process, using phrases like ""hydrogen nuclei (protons) are accelerated to high speeds"" and ""forming helium nuclei.""

Overall, the actual answer is mostly correct but could benefit from some minor adjustments in wording to make it semantically identical to the expected answer.

Step 2 — Assign a score:","2026-04-01T08:10:41.1365077Z"
"science_012","science","What type of energy does the Sun primarily produce?","Nuclear energy through fusion",True,3,3,0.76,9.0,3,True,0.76,9,"The Sun primarily produces nuclear energy, specifically through a process called nuclear fusion. This is where hydrogen atoms are fused together to form helium, releasing vast amounts of energy in the process. This energy is then radiated out into space as electromagnetic radiation, including visible light and ultraviolet (UV) radiation.

In more detail, the Sun's core is incredibly hot, with temperatures reaching over 15 million degrees Celsius (27 million degrees Fahrenheit). At these extreme temperatures, hydrogen nuclei (protons) are accelerated to high speeds and collide with each other, forming helium nuclei. This process releases a tremendous amount of energy in the form of heat and light.

The Sun's nuclear fusion reactions are responsible for its incredible luminosity and make it the primary source of energy for our solar system.","Step 1 — Reason step by step:

The actual answer correctly addresses the query by stating that the Sun primarily produces nuclear energy through fusion. It accurately captures the same meaning as the expected answer, providing a clear explanation of the process and its significance. The response also includes relevant details about the extreme temperatures in the Sun's core and the formation of helium nuclei, which is not present in the expected answer.

However, there are some minor wording differences between the actual and expected answers. The expected answer uses simpler language, stating that the Sun produces nuclear energy ""through a process called nuclear fusion."" In contrast, the actual answer provides more technical details about the process, using phrases like ""hydrogen nuclei (protons) are accelerated to high speeds"" and ""forming helium nuclei.""

Overall, the actual answer is mostly correct but could benefit from some minor adjustments in wording to make it semantically identical to the expected answer.

Step 2 — Assign a score:","2026-04-01T08:12:11.3679540Z"
"science_013","science","What is the boiling point of water at standard atmospheric pressure?","100 degrees Celsius",True,3,3,0.72,9.0,1,True,0.72,9,"The boiling point of water at standard atmospheric pressure (101.325 kPa or 1 atm) is 100 degrees Celsius (212 degrees Fahrenheit).","Step 1 — Reason step by step:

The actual answer correctly addresses the query about the boiling point of water at standard atmospheric pressure. It provides both Celsius and Fahrenheit temperatures, which is a minor variation from the expected answer that only mentions Celsius. However, the core meaning of the answer remains the same as the expected answer, conveying the correct temperature in degrees Celsius. There are no apparent factual errors or key omissions.

Step 2 — Assign a score:

The actual answer captures the same meaning as the expected answer, with minor variations in wording. While it provides additional information (Fahrenheit equivalent), this does not detract from its overall correctness. Therefore, I would rate the response as ""Very good"" since it conveys the same core message as the expected answer but with some slight differences in presentation.","2026-04-01T08:13:04.7890748Z"
"science_013","science","What is the boiling point of water at standard atmospheric pressure?","100 degrees Celsius",True,3,3,0.72,9.0,2,True,0.72,9,"The boiling point of water at standard atmospheric pressure (101.325 kPa or 1 atm) is 100 degrees Celsius (212 degrees Fahrenheit).","Step 1 — Reason step by step:

The actual answer correctly addresses the query about the boiling point of water at standard atmospheric pressure. It provides both Celsius and Fahrenheit temperatures, which is a minor variation from the expected answer that only mentions Celsius. However, the core meaning of the answer remains the same as the expected answer, conveying the correct temperature in degrees Celsius. There are no apparent factual errors or key omissions.

Step 2 — Assign a score:

The actual answer captures the same meaning as the expected answer, with minor variations in wording. While it provides additional information (Fahrenheit equivalent), this does not detract from its overall correctness. Therefore, I would rate the response as ""Very good"" since it conveys the same core message as the expected answer but with some slight differences in presentation.","2026-04-01T08:13:58.8445842Z"
"science_013","science","What is the boiling point of water at standard atmospheric pressure?","100 degrees Celsius",True,3,3,0.72,9.0,3,True,0.72,9,"The boiling point of water at standard atmospheric pressure (101.325 kPa or 1 atm) is 100 degrees Celsius (212 degrees Fahrenheit).","Step 1 — Reason step by step:

The actual answer correctly addresses the query about the boiling point of water at standard atmospheric pressure. It provides both Celsius and Fahrenheit temperatures, which is a minor variation from the expected answer that only mentions Celsius. However, the core meaning of the answer remains the same as the expected answer, conveying the correct temperature in degrees Celsius. There are no apparent factual errors or key omissions.

Step 2 — Assign a score:

The actual answer captures the same meaning as the expected answer, with minor variations in wording. While it provides additional information (Fahrenheit equivalent), this does not detract from its overall correctness. Therefore, I would rate the response as ""Very good"" since it conveys the same core message as the expected answer but with some slight differences in presentation.","2026-04-01T08:14:51.7386760Z"
"science_014","science","What organ pumps blood through the human body?","The heart",False,0,3,0.71,1.0,1,False,0.71,1,"The heart is the primary organ that pumps blood throughout the human body. It acts as a pump, circulating blood to all parts of the body and returning oxygenated blood back to the lungs to be replenished with oxygen.","Step 1 — Reason step by step:

- The actual answer correctly addresses the query by identifying the heart as the organ responsible for pumping blood throughout the human body.
- It captures the same meaning as the expected answer, providing a clear and concise explanation of the heart's function in circulating blood to all parts of the body and returning oxygenated blood to the lungs.
- There are no apparent factual errors or key omissions in the actual answer. However, it could be improved by removing the redundant phrase ""the primary organ that pumps blood throughout the human body"" as it is implied by the sentence structure.

Step 2 — Assign a score:

The actual answer provides a clear and accurate explanation of the heart's function, capturing the same meaning as the expected answer with minor wording differences.","2026-04-01T08:15:45.6980224Z"
"science_014","science","What organ pumps blood through the human body?","The heart",False,0,3,0.71,1.0,2,False,0.71,1,"The heart is the primary organ that pumps blood throughout the human body. It acts as a pump, circulating blood to all parts of the body and returning oxygenated blood back to the lungs to be replenished with oxygen.","Step 1 — Reason step by step:

- The actual answer correctly addresses the query by identifying the heart as the organ responsible for pumping blood throughout the human body.
- It captures the same meaning as the expected answer, providing a clear and concise explanation of the heart's function in circulating blood to all parts of the body and returning oxygenated blood to the lungs.
- There are no apparent factual errors or key omissions in the actual answer. However, it could be improved by removing the redundant phrase ""the primary organ that pumps blood throughout the human body"" as it is implied by the sentence structure.

Step 2 — Assign a score:

The actual answer provides a clear and accurate explanation of the heart's function, capturing the same meaning as the expected answer with minor wording differences.","2026-04-01T08:16:38.8320983Z"
"science_014","science","What organ pumps blood through the human body?","The heart",False,0,3,0.71,1.0,3,False,0.71,1,"The heart is the primary organ that pumps blood throughout the human body. It acts as a pump, circulating blood to all parts of the body and returning oxygenated blood back to the lungs to be replenished with oxygen.","Step 1 — Reason step by step:

- The actual answer correctly addresses the query by identifying the heart as the organ responsible for pumping blood throughout the human body.
- It captures the same meaning as the expected answer, providing a clear and concise explanation of the heart's function in circulating blood to all parts of the body and returning oxygenated blood to the lungs.
- There are no apparent factual errors or key omissions in the actual answer. However, it could be improved by removing the redundant phrase ""the primary organ that pumps blood throughout the human body"" as it is implied by the sentence structure.

Step 2 — Assign a score:

The actual answer provides a clear and accurate explanation of the heart's function, capturing the same meaning as the expected answer with minor wording differences.","2026-04-01T08:17:31.7967015Z"
"science_016","science","What are the three states of matter?","Solid, liquid, and gas",True,3,3,0.70,9.0,1,True,0.70,9,"The three main states of matter are:

1. Solid: A solid has a fixed shape and volume, and its particles (atoms or molecules) are closely packed together in a regular arrangement.

2. Liquid: A liquid has a fixed volume but no fixed shape, and its particles are close together but can move freely past each other.

3. Gas: A gas has neither a fixed shape nor a fixed volume, and its particles are widely spaced and free to move in any direction.

There is also a fourth state of matter, plasma, which consists of ions and free electrons, but it's not typically considered one of the main three states of matter.","The actual answer correctly addresses the query by listing all three main states of matter (solid, liquid, and gas) as expected. The response captures the same meaning as the expected answer, providing a clear definition for each state of matter. However, there is an additional piece of information about plasma being considered a fourth state of matter, which is not relevant to the query.

The actual answer could be improved by omitting the mention of plasma, as it deviates from the expected answer and adds unnecessary information. Nevertheless, the response remains mostly correct and provides accurate definitions for solid, liquid, and gas.","2026-04-01T08:18:41.3729094Z"
"science_016","science","What are the three states of matter?","Solid, liquid, and gas",True,3,3,0.70,9.0,2,True,0.70,9,"The three main states of matter are:

1. Solid: A solid has a fixed shape and volume, and its particles (atoms or molecules) are closely packed together in a regular arrangement.

2. Liquid: A liquid has a fixed volume but no fixed shape, and its particles are close together but can move freely past each other.

3. Gas: A gas has neither a fixed shape nor a fixed volume, and its particles are widely spaced and free to move in any direction.

There is also a fourth state of matter, plasma, which consists of ions and free electrons, but it's not typically considered one of the main three states of matter.","The actual answer correctly addresses the query by listing all three main states of matter (solid, liquid, and gas) as expected. The response captures the same meaning as the expected answer, providing a clear definition for each state of matter. However, there is an additional piece of information about plasma being considered a fourth state of matter, which is not relevant to the query.

The actual answer could be improved by omitting the mention of plasma, as it deviates from the expected answer and adds unnecessary information. Nevertheless, the response remains mostly correct and provides accurate definitions for solid, liquid, and gas.","2026-04-01T08:19:50.4166856Z"
"science_016","science","What are the three states of matter?","Solid, liquid, and gas",True,3,3,0.70,9.0,3,True,0.70,9,"The three main states of matter are:

1. Solid: A solid has a fixed shape and volume, and its particles (atoms or molecules) are closely packed together in a regular arrangement.

2. Liquid: A liquid has a fixed volume but no fixed shape, and its particles are close together but can move freely past each other.

3. Gas: A gas has neither a fixed shape nor a fixed volume, and its particles are widely spaced and free to move in any direction.

There is also a fourth state of matter, plasma, which consists of ions and free electrons, but it's not typically considered one of the main three states of matter.","The actual answer correctly addresses the query by listing all three main states of matter (solid, liquid, and gas) as expected. The response captures the same meaning as the expected answer, providing a clear definition for each state of matter. However, there is an additional piece of information about plasma being considered a fourth state of matter, which is not relevant to the query.

The actual answer could be improved by omitting the mention of plasma, as it deviates from the expected answer and adds unnecessary information. Nevertheless, the response remains mostly correct and provides accurate definitions for solid, liquid, and gas.","2026-04-01T08:21:19.2534385Z"
